episode,score,eps,temperature,strategy = boltzmann,alpha = 0.5,atten = 0.8
0,-4985.295415089275,0.1,90.0
1,-1814.1023295389107,0.1,89.55
2,-3831.060117168825,0.1,89.10225
3,-4681.654221955592,0.1,88.65673875
4,-3995.236189232486,0.1,88.21345505625
5,-408.0518848104947,0.1,87.77238778096874
6,-4388.951438573116,0.1,87.33352584206389
7,-4548.641220126173,0.1,86.89685821285357
8,-3893.1000910882112,0.1,86.46237392178931
9,-2926.9925166785847,0.1,86.03006205218036
10,-4261.630668613415,0.1,85.59991174191946
11,-3498.326387994076,0.1,85.17191218320986
12,-4755.1972648318915,0.1,84.7460526222938
13,-3899.923318842723,0.1,84.32232235918234
14,-4127.907399888392,0.1,83.90071074738643
15,-2952.852458707212,0.1,83.4812071936495
16,-5010.167628383355,0.1,83.06380115768125
17,-4569.683326216293,0.1,82.64848215189285
18,-2265.6954773856696,0.1,82.23523974113338
19,-4094.0552330474825,0.1,81.82406354242772
20,725.4425010476864,0.1,81.41494322471559
21,-5071.723629923086,0.1,81.00786850859201
22,-4518.698467713661,0.1,80.60282916604905
23,-338.0973622567009,0.1,80.19981502021881
24,-3298.7834346497316,0.1,79.79881594511771
25,-3357.69701528606,0.1,79.39982186539213
26,-3671.0983612051728,0.1,79.00282275606517
27,-2686.3264547569834,0.1,78.60780864228485
28,-2786.0102160954034,0.1,78.21476959907342
29,-4531.541734231186,0.1,77.82369575107805
30,-4644.909872620246,0.1,77.43457727232266
31,-4218.753343752285,0.1,77.04740438596104
32,-2412.557100267937,0.1,76.66216736403123
33,-4399.242953977808,0.1,76.27885652721108
34,-2372.036710949843,0.1,75.89746224457502
35,-4205.836452169133,0.1,75.51797493335215
36,-4272.781689748591,0.1,75.14038505868538
37,-1323.2842583817596,0.1,74.76468313339196
38,-1611.0345590078628,0.1,74.390859717725
39,-4549.100883179425,0.1,74.01890541913637
40,-2544.961078703467,0.1,73.64881089204069
41,-4395.447700410959,0.1,73.28056683758048
42,-3475.466115556654,0.1,72.91416400339257
43,-4261.4257814496705,0.1,72.5495931833756
44,-3833.084678010192,0.1,72.18684521745872
45,-3568.39711586097,0.1,71.82591099137143
46,-3740.024765525222,0.1,71.46678143641458
47,-4082.4718483316783,0.1,71.10944752923251
48,-3153.38631256042,0.1,70.75390029158635
49,-3765.4048926251994,0.1,70.40013079012842
50,-2699.7420552747117,0.1,70.04813013617778
51,-4110.644593853478,0.1,69.69788948549689
52,-2530.1708322058116,0.1,69.3494000380694
53,-4098.668025498497,0.1,69.00265303787906
54,-4910.454361123324,0.1,68.65763977268966
55,-2394.494828070178,0.1,68.31435157382622
56,-4168.059605033058,0.1,67.97277981595708
57,-3895.0237100694167,0.1,67.6329159168773
58,-1748.673494917904,0.1,67.29475133729291
59,-4100.795948619399,0.1,66.95827758060645
60,-1495.1141787021302,0.1,66.62348619270341
61,-2212.3798230121874,0.1,66.2903687617399
62,-899.4651578934925,0.1,65.9589169179312
63,-4536.926237930909,0.1,65.62912233334156
64,-2323.4702051622467,0.1,65.30097672167484
65,-4568.173058589919,0.1,64.97447183806646
66,-3359.382923518026,0.1,64.64959947887613
67,-4640.1734779504495,0.1,64.32635148148175
68,-4598.279724834938,0.1,64.00471972407435
69,-1450.4893057711106,0.1,63.684696125453975
70,-3061.332640657123,0.1,63.36627264482671
71,-3307.2941752737197,0.1,63.049441281602576
72,-3144.560539290659,0.1,62.734194075194566
73,-1854.6462516024633,0.1,62.42052310481859
74,-314.8514314418737,0.1,62.1084204892945
75,-4148.339016834682,0.1,61.797878386848026
76,-4512.8570479928585,0.1,61.488888994913786
77,-4165.480034308849,0.1,61.181444549939215
78,-3518.7487903560636,0.1,60.87553732718952
79,-3533.991481383339,0.1,60.571159640553574
80,-1705.942588963892,0.1,60.268303842350804
81,-4578.201365073174,0.1,59.96696232313905
82,-3316.8648111658267,0.1,59.667127511523354
83,-2780.685338188439,0.1,59.36879187396574
84,-2623.371125786729,0.1,59.07194791459591
85,-2704.845170905428,0.1,58.77658817502293
86,-3104.849579862012,0.1,58.482705234147815
87,-4176.154989935772,0.1,58.190291707977075
88,-2317.19292053714,0.1,57.89934024943719
89,-2346.1883152992414,0.1,57.60984354819
90,-2213.967585807893,0.1,57.32179433044905
91,-4412.840609587647,0.1,57.03518535879681
92,-1943.555781054647,0.1,56.75000943200283
93,-2502.3002619658837,0.1,56.466259384842814
94,-2175.236396597056,0.1,56.1839280879186
95,-2432.3579691846794,0.1,55.90300844747901
96,-432.74413424429065,0.1,55.62349340524162
97,-4353.345288735913,0.1,55.34537593821541
98,-4651.739879608147,0.1,55.068649058524336
99,-3810.96334291663,0.1,54.79330581323171
100,-4553.934941773007,0.1,54.519339284165554
101,-4389.493693754278,0.1,54.24674258774473
102,-3288.730697852637,0.1,53.975508874806
103,880.0870512313465,0.1,53.70563133043197
104,-3927.8541424162795,0.1,53.43710317377981
105,-4330.647311986391,0.1,53.16991765791091
106,-4242.35445632569,0.1,52.90406806962135
107,-977.4545757412492,0.1,52.63954772927325
108,-2121.5382791053207,0.1,52.37634999062688
109,-4559.439289186492,0.1,52.114468240673745
110,-664.2821008170172,0.1,51.85389589947037
111,-4087.0582415682406,0.1,51.59462641997302
112,-3123.834446579927,0.1,51.336653287873155
113,-4762.757306948165,0.1,51.07997002143379
114,-1208.4940283169385,0.1,50.82457017132662
115,-177.08448656647124,0.1,50.57044732046999
116,928.0351207801396,0.1,50.31759508386764
117,-4779.738794869709,0.1,50.0660071084483
118,-3996.2655490337534,0.1,49.815677072906055
119,-3400.9151692965374,0.1,49.56659868754152
120,-1548.0885790129787,0.1,49.31876569410382
121,-4498.070422534046,0.1,49.0721718656333
122,-3587.1361538503993,0.1,48.826811006305135
123,-3308.063883340469,0.1,48.58267695127361
124,-4610.703770160502,0.1,48.33976356651724
125,-1879.0988206897648,0.1,48.098064748684656
126,-4344.862440562298,0.1,47.857574424941234
127,-4229.4588791439255,0.1,47.61828655281653
128,-4385.416658155772,0.1,47.38019512005245
129,-1323.905044064756,0.1,47.143294144452184
130,-2137.6312756051543,0.1,46.907577673729925
131,-4243.434769543241,0.1,46.673039785361276
132,-4398.429293943818,0.1,46.43967458643447
133,-4510.170701101038,0.1,46.2074762135023
134,-1519.9746764522947,0.1,45.97643883243479
135,-3047.4311332375964,0.1,45.746556638272615
136,-3152.286346026928,0.1,45.517823855081254
137,-3623.247537083469,0.1,45.290234735805846
138,-296.5476437092929,0.1,45.063783562126815
139,-1720.7070150324953,0.1,44.83846464431618
140,-1373.209335960324,0.1,44.6142723210946
141,-2553.652534726031,0.1,44.39120095948913
142,-1230.5396922563361,0.1,44.169244954691685
143,-4351.210780181447,0.1,43.948398729918225
144,-3213.1149720697586,0.1,43.72865673626863
145,-1360.1347817711585,0.1,43.51001345258729
146,-3175.601077799842,0.1,43.29246338532435
147,-3610.101659562211,0.1,43.07600106839773
148,-3756.79778028839,0.1,42.86062106305574
149,-3004.2095240827643,0.1,42.64631795774046
150,-1530.4139530790999,0.1,42.43308636795175
151,-2922.6647612750708,0.1,42.220920936111995
152,-3917.967874628594,0.1,42.00981633143144
153,-1801.58645695673,0.1,41.79976724977428
154,-3031.7197581139276,0.1,41.5907684135254
155,-2555.7579824781765,0.1,41.38281457145778
156,-2746.5909939251924,0.1,41.17590049860049
157,-4551.217079132041,0.1,40.970020996107486
158,-2118.780273179912,0.1,40.76517089112695
159,-3443.176457957358,0.1,40.56134503667131
160,-4748.246733673721,0.1,40.358538311487955
161,-3098.5989877459215,0.1,40.15674561993051
162,-3937.6000186662745,0.1,39.95596189183086
163,-4259.2921581401415,0.1,39.75618208237171
164,-2466.5950560247916,0.1,39.55740117195985
165,-3490.367916678877,0.1,39.35961416610005
166,-2656.5537960449187,0.1,39.16281609526955
167,-3970.788817988358,0.1,38.9670020147932
168,-718.344262728072,0.1,38.772167004719236
169,-4572.93837532767,0.1,38.57830616969564
170,-4356.906367923626,0.1,38.38541463884716
171,-3191.3537581313244,0.1,38.19348756565292
172,-3506.618442955782,0.1,38.00252012782466
173,-2461.016156675885,0.1,37.81250752718554
174,-3471.4649686515595,0.1,37.62344498954961
175,-2620.6673872598058,0.1,37.435327764601865
176,-4011.2143400112764,0.1,37.248151125778854
177,-3229.649681668081,0.1,37.06191037014996
178,-4252.632814448761,0.1,36.87660081829921
179,277.6223523242307,0.1,36.692217814207716
180,721.7722188165575,0.1,36.50875672513668
181,-2490.6214532022295,0.1,36.326212941510995
182,-4568.589094841517,0.1,36.14458187680344
183,-3180.057086868096,0.1,35.96385896741943
184,-2527.9606918186246,0.1,35.78403967258233
185,-4105.0811104600125,0.1,35.60511947421942
186,-2411.766021203505,0.1,35.427093876848325
187,-2709.1467343136273,0.1,35.249958407464085
188,-2669.7098603082163,0.1,35.07370861542677
189,534.9059287653201,0.1,34.89834007234963
190,-2092.731746052624,0.1,34.723848371987884
191,-2888.2958428482975,0.1,34.550229130127946
192,-4624.713188865009,0.1,34.3774779844773
193,-1135.3032562570752,0.1,34.20559059455491
194,-4534.820158876024,0.1,34.03456264158214
195,-2631.2852979005124,0.1,33.86438982837423
196,-4380.805583147517,0.1,33.695067879232354
197,-4409.914597851449,0.1,33.526592539836194
198,-2649.2546271109636,0.1,33.358959577137014
199,-639.6575102881189,0.1,33.19216477925133
200,-3501.3143133377444,0.1,33.02620395535507
201,-2891.1659715128717,0.1,32.8610729355783
202,-3116.928734668468,0.1,32.696767570900406
203,-3149.3857868146397,0.1,32.533283733045906
204,-4567.344365530403,0.1,32.370617314380674
205,-1883.8532450610016,0.1,32.20876422780877
206,-3876.4274819432326,0.1,32.047720406669725
207,-4594.639982557049,0.1,31.887481804636376
208,-4396.018797628236,0.1,31.728044395613196
209,-4469.51376254412,0.1,31.56940417363513
210,-750.1884756441209,0.1,31.411557152766957
211,-4682.156787340738,0.1,31.25449936700312
212,-2269.6919317742263,0.1,31.098226870168105
213,-4531.2110101044045,0.1,30.942735735817266
214,-1506.1670431083114,0.1,30.78802205713818
215,-3129.8096062837176,0.1,30.634081946852486
216,-311.37286438682224,0.1,30.480911537118224
217,-3954.601718395018,0.1,30.328506979432632
218,-4307.704064074126,0.1,30.176864444535468
219,-1822.8505405009766,0.1,30.02598012231279
220,-269.30004144789325,0.1,29.875850221701228
221,-1844.6037288943492,0.1,29.72647097059272
222,-4290.731318391517,0.1,29.577838615739758
223,-3441.3180793731226,0.1,29.42994942266106
224,-4483.398439947395,0.1,29.282799675547754
225,-2015.8899732872794,0.1,29.136385677170015
226,-4419.639495909555,0.1,28.990703748784163
227,-3978.436741634198,0.1,28.84575023004024
228,-3504.2757324568956,0.1,28.70152147889004
229,-2496.4929492809274,0.1,28.55801387149559
230,-4480.282763800274,0.1,28.41522380213811
231,-4591.784647746541,0.1,28.27314768312742
232,-645.8076136986565,0.1,28.131781944711783
233,-3964.4268546049243,0.1,27.991123034988224
234,-3618.7116036824364,0.1,27.851167419813283
235,-4635.346962194254,0.1,27.711911582714215
236,-3448.773202878213,0.1,27.573352024800645
237,-2927.768128974453,0.1,27.435485264676643
238,-4593.297112043721,0.1,27.29830783835326
239,-4311.488716895521,0.1,27.161816299161494
240,-4424.008354972227,0.1,27.026007217665686
241,-1850.5266918406314,0.1,26.89087718157736
242,-2979.561325256945,0.1,26.756422795669472
243,-4627.313796052604,0.1,26.622640681691124
244,-4664.64380718028,0.1,26.489527478282668
245,-1035.6410164682472,0.1,26.357079840891252
246,653.9132162233237,0.1,26.225294441686795
247,-1867.5938289426472,0.1,26.094167969478363
248,-2713.3327608512,0.1,25.963697129630972
249,-3924.4418032771246,0.1,25.833878643982818
250,-3261.9823174816293,0.1,25.704709250762903
251,-3039.450832848155,0.1,25.57618570450909
252,-2378.62482644316,0.1,25.448304775986543
253,-4472.297193429059,0.1,25.32106325210661
254,-4466.444656957436,0.1,25.194457935846078
255,-4533.119425405032,0.1,25.06848564616685
256,-3440.0094964317473,0.1,24.943143217936015
257,-2141.221990008076,0.1,24.818427501846333
258,-4511.044341999621,0.1,24.6943353643371
259,-3761.703805916653,0.1,24.570863687515413
260,-3245.0550889522606,0.1,24.448009369077834
261,-2344.0043437667505,0.1,24.325769322232446
262,-4512.647560627901,0.1,24.204140475621283
263,-4246.363952099676,0.1,24.083119773243176
264,-4453.368881409934,0.1,23.96270417437696
265,-4405.176740685765,0.1,23.842890653505076
266,-542.3445268692875,0.1,23.723676200237552
267,-2035.8701566850575,0.1,23.605057819236364
268,-3131.5096391060897,0.1,23.487032530140183
269,-2915.071208722918,0.1,23.369597367489483
270,-2058.3785252749267,0.1,23.252749380652034
271,885.9004930018268,0.1,23.136485633748773
272,-4541.664928803635,0.1,23.02080320558003
273,-1025.3331211019413,0.1,22.90569918955213
274,-2539.690458697402,0.1,22.79117069360437
275,-4743.229510233056,0.1,22.67721484013635
276,-3456.148365010373,0.1,22.563828765935668
277,-4591.049164113357,0.1,22.45100962210599
278,-4591.664728024354,0.1,22.33875457399546
279,-2365.885625461172,0.1,22.227060801125482
280,-2887.171361218829,0.1,22.115925497119854
281,-4289.374540643969,0.1,22.005345869634255
282,-2907.34291713235,0.1,21.895319140286084
283,-3418.2053854162737,0.1,21.785842544584654
284,-1567.7402747413826,0.1,21.67691333186173
285,-4357.372582743013,0.1,21.568528765202423
286,-4717.344914623767,0.1,21.460686121376412
287,-965.3954343283126,0.1,21.35338269076953
288,-808.8129708722148,0.1,21.246615777315682
289,468.5032477639479,0.1,21.140382698429104
290,-4745.7092431122155,0.1,21.03468078493696
291,-4525.431884422607,0.1,20.929507381012275
292,-4549.042707675361,0.1,20.824859844107213
293,-4559.220523276393,0.1,20.720735544886676
294,-4624.914539116446,0.1,20.617131867162243
295,-4649.135472299653,0.1,20.514046207826432
296,-3189.6088603250446,0.1,20.4114759767873
297,-4701.481860346,0.1,20.309418596903363
298,-1205.8976962347622,0.1,20.207871503918845
299,-4543.633038448236,0.1,20.106832146399253
300,-4451.910545879362,0.1,20.006297985667256
301,-2201.7069377419693,0.1,19.90626649573892
302,-4440.117792194102,0.1,19.806735163260225
303,-3233.1718077646137,0.1,19.707701487443924
304,-4366.585824033369,0.1,19.609162980006705
305,-3202.3934824691123,0.1,19.511117165106672
306,-3037.4063536859335,0.1,19.41356157928114
307,-1455.250700040812,0.1,19.316493771384735
308,-4231.10227143743,0.1,19.219911302527812
309,-3439.106474447065,0.1,19.123811746015175
310,-2384.1011030975724,0.1,19.0281926872851
311,-2827.9218674776444,0.1,18.933051723848674
312,-2060.1825290515903,0.1,18.83838646522943
313,-4029.647252892616,0.1,18.744194532903283
314,-2989.8843010049623,0.1,18.650473560238765
315,-4630.629204366772,0.1,18.55722119243757
316,-3089.75678415428,0.1,18.464435086475383
317,-3729.631202652848,0.1,18.372112911043008
318,-2273.81904326946,0.1,18.280252346487792
319,-2518.4993129793143,0.1,18.188851084755353
320,-3528.906623538086,0.1,18.097906829331574
321,-3345.283785176726,0.1,18.007417295184915
322,-2503.077350882989,0.1,17.91738020870899
323,-907.5448666318196,0.1,17.827793307665445
324,-1929.1224448108678,0.1,17.738654341127116
325,-1319.0109940989287,0.1,17.64996106942148
326,-3028.2573794585073,0.1,17.561711264074372
327,-445.7270080517369,0.1,17.473902707754
328,-4301.791936085909,0.1,17.38653319421523
329,-1715.0408679534987,0.1,17.299600528244152
330,-3989.4047803812205,0.1,17.21310252560293
331,-4582.7270061083245,0.1,17.127037012974917
332,-3013.72149089568,0.1,17.041401827910043
333,-3705.805301996129,0.1,16.95619481877049
334,-3433.537111911741,0.1,16.87141384467664
335,-2832.1634065122475,0.1,16.787056775453255
336,-4071.3847933511584,0.1,16.70312149157599
337,-717.8351567233694,0.1,16.61960588411811
338,-4636.555058205048,0.1,16.53650785469752
339,-3123.2749031738717,0.1,16.45382531542403
340,-2458.4302267136054,0.1,16.37155618884691
341,-4604.109724350157,0.1,16.289698407902677
342,-1274.9014376105008,0.1,16.208249915863163
343,-3373.038373736667,0.1,16.12720866628385
344,-2697.678298898849,0.1,16.04657262295243
345,-3136.7313558715427,0.1,15.966339759837666
346,-4479.921967695073,0.1,15.886508061038478
347,-4422.49684792618,0.1,15.807075520733285
348,-1747.4946003204104,0.1,15.728040143129618
349,-3590.4449921267465,0.1,15.64939994241397
350,-2452.539933101959,0.1,15.5711529427019
351,-3140.963777214576,0.1,15.49329717798839
352,-2569.3396821225892,0.1,15.415830692098448
353,-3854.9668117361234,0.1,15.338751538637956
354,-2951.4676885535832,0.1,15.262057780944765
355,-1443.977470868136,0.1,15.185747492040042
356,-3130.814143945461,0.1,15.109818754579841
357,-4687.875833884299,0.1,15.034269660806942
358,-2636.176317394787,0.1,14.959098312502906
359,-2117.5331941641957,0.1,14.884302820940391
360,-3698.231791147578,0.1,14.809881306835688
361,-3467.342469410637,0.1,14.735831900301509
362,-737.9536512048765,0.1,14.662152740800002
363,-4444.638773977162,0.1,14.588841977096001
364,-3879.9526481960697,0.1,14.515897767210522
365,-1470.031069317831,0.1,14.44331827837447
366,-2777.7562091284235,0.1,14.371101686982598
367,-1062.563953539731,0.1,14.299246178547685
368,-673.1178422715183,0.1,14.227749947654946
369,-1759.9015912018865,0.1,14.156611197916671
370,-1251.4314973584837,0.1,14.085828141927088
371,-4648.603585309244,0.1,14.015399001217453
372,-4636.211362047732,0.1,13.945322006211367
373,-1371.4521984684523,0.1,13.87559539618031
374,-1549.071805797841,0.1,13.80621741919941
375,-3586.7262037912733,0.1,13.737186332103413
376,-3294.366349360658,0.1,13.668500400442895
377,-3308.377050587401,0.1,13.60015789844068
378,-4322.513487682086,0.1,13.532157108948477
379,-3997.697840246001,0.1,13.464496323403734
380,-792.3082140639018,0.1,13.397173841786715
381,-3649.3946756441596,0.1,13.330187972577782
382,-4488.346376218493,0.1,13.263537032714893
383,-1113.6675039026904,0.1,13.197219347551318
384,-3445.929562078073,0.1,13.131233250813562
385,-1096.9562464854052,0.1,13.065577084559495
386,-836.7521736656522,0.1,13.000249199136697
387,-2564.2847503142098,0.1,12.935247953141014
388,-4320.4758857685465,0.1,12.870571713375309
389,-2236.96677559873,0.1,12.806218854808433
390,-3299.8874544392893,0.1,12.74218776053439
391,-2331.5016472099023,0.1,12.678476821731719
392,-3890.9163236744507,0.1,12.61508443762306
393,-4609.9925451290055,0.1,12.552009015434946
394,-4514.977986745501,0.1,12.489248970357771
395,-669.6673502341221,0.1,12.426802725505983
396,-1634.1202209169903,0.1,12.364668711878453
397,-1311.756292309055,0.1,12.30284536831906
398,-2424.4925066436335,0.1,12.241331141477465
399,-4043.391791218879,0.1,12.180124485770078
400,-2032.779619318329,0.1,12.119223863341228
401,-2148.100073411796,0.1,12.058627744024522
402,-1636.0712398824237,0.1,11.998334605304398
403,-1930.937717238217,0.1,11.938342932277877
404,-2658.163780316148,0.1,11.878651217616488
405,-3461.2850054841847,0.1,11.819257961528406
406,-2463.98853612948,0.1,11.760161671720764
407,-4464.783471674556,0.1,11.70136086336216
408,-4594.436959803364,0.1,11.64285405904535
409,-2319.137677504105,0.1,11.584639788750122
410,929.8820475933737,0.1,11.526716589806371
411,-2705.1223896736656,0.1,11.469083006857339
412,-2002.889196973064,0.1,11.411737591823051
413,-2061.509431051366,0.1,11.354678903863936
414,215.5412566155179,0.1,11.297905509344616
415,-3036.9217484631854,0.1,11.241415981797893
416,-3674.6707918237003,0.1,11.185208901888902
417,-4339.780417679532,0.1,11.129282857379458
418,-1142.5237031129595,0.1,11.07363644309256
419,88.54562033517914,0.1,11.018268260877097
420,-3661.426250124654,0.1,10.963176919572712
421,-3888.0958537473057,0.1,10.908361034974849
422,-1009.8607710153983,0.1,10.853819229799974
423,-1014.7482476177972,0.1,10.799550133650975
424,-1592.062144715048,0.1,10.74555238298272
425,-2093.8658833930735,0.1,10.691824621067806
426,-3051.7742919935276,0.1,10.638365497962466
427,-2652.7480065357445,0.1,10.585173670472654
428,-2955.8671821235894,0.1,10.532247802120292
429,-2599.9455709965737,0.1,10.47958656310969
430,-1713.8983821772129,0.1,10.427188630294141
431,-2710.807671819666,0.1,10.37505268714267
432,-2143.1746759878665,0.1,10.323177423706957
433,-3410.008258495437,0.1,10.271561536588422
434,-559.4438795722815,0.1,10.22020372890548
435,-3442.1682674033555,0.1,10.169102710260953
436,-3547.5388233916924,0.1,10.118257196709648
437,-2824.6819627312943,0.1,10.067665910726099
438,-3375.479711080392,0.1,10.017327581172468
439,-3597.6027196635823,0.1,9.967240943266606
440,-3159.867279095956,0.1,9.917404738550273
441,-3578.0881722503163,0.1,9.867817714857521
442,-4092.2372737120377,0.1,9.818478626283234
443,-1272.3272173501941,0.1,9.769386233151819
444,-1834.8909489686382,0.1,9.72053930198606
445,-1399.206535821191,0.1,9.67193660547613
446,-4531.497198046653,0.1,9.62357692244875
447,-1149.2916430957705,0.1,9.575459037836506
448,-4508.399446200574,0.1,9.527581742647323
449,-2733.432923966026,0.1,9.479943833934087
450,-1198.9863419665894,0.1,9.432544114764417
451,-3275.409535917929,0.1,9.385381394190594
452,-1604.4833549603245,0.1,9.338454487219641
453,-1280.2625457416243,0.1,9.291762214783542
454,-975.6978272493451,0.1,9.245303403709624
455,-1609.4999853594652,0.1,9.199076886691076
456,-4281.8234431649835,0.1,9.15308150225762
457,-3467.945286832143,0.1,9.107316094746333
458,-2529.6031468468054,0.1,9.061779514272601
459,-2191.01787632166,0.1,9.016470616701238
460,-4499.198398394901,0.1,8.971388263617731
461,-1219.9546893302559,0.1,8.926531322299642
462,-2442.0755299392104,0.1,8.881898665688144
463,-1218.214052658488,0.1,8.837489172359703
464,-1387.8253933322073,0.1,8.793301726497905
465,-20.23246021163186,0.1,8.749335217865415
466,-4415.276472092509,0.1,8.705588541776088
467,-4690.5379159942295,0.1,8.662060599067207
468,-1394.268697753717,0.1,8.618750296071871
469,-708.7070733097547,0.1,8.575656544591512
470,-1406.799459352129,0.1,8.532778261868554
471,-2857.235635401401,0.1,8.490114370559212
472,-2774.975251088289,0.1,8.447663798706415
473,-3026.026380337603,0.1,8.405425479712884
474,-1481.0770660429348,0.1,8.36339835231432
475,-1043.9999687225918,0.1,8.321581360552749
476,-1006.8343495233443,0.1,8.279973453749985
477,-2807.2852811428006,0.1,8.238573586481236
478,-1675.5657631359927,0.1,8.19738071854883
479,-1901.8968178176106,0.1,8.156393814956086
480,-3464.106693857137,0.1,8.115611845881306
481,-2658.886292298106,0.1,8.075033786651899
482,-1654.8943552600037,0.1,8.03465861771864
483,-4692.3329282832965,0.1,7.994485324630046
484,-2635.2215271731006,0.1,7.954512898006895
485,213.71342904628966,0.1,7.9147403335168605
486,-1410.1032319406127,0.1,7.875166631849276
487,-3961.7289250899703,0.1,7.83579079869003
488,-1260.3016161408577,0.1,7.79661184469658
489,-381.25599085281465,0.1,7.757628785473097
490,-1351.140007771266,0.1,7.718840641545731
491,-725.5931715136767,0.1,7.680246438338003
492,-2197.001055095259,0.1,7.6418452061463125
493,-1960.5119671779862,0.1,7.603635980115581
494,-1082.6543347459217,0.1,7.565617800215003
495,-2742.6269763408386,0.1,7.527789711213928
496,-1681.6424727188,0.1,7.4901507626578585
497,-4510.49771781622,0.1,7.45270000884457
498,-3156.6651106148834,0.1,7.415436508800346
499,-3637.1064530343433,0.1,7.378359326256344
500,-2724.0314127523816,0.1,7.341467529625063
501,-3521.958215653531,0.1,7.304760191976937
502,672.5981094576455,0.1,7.268236391017052
503,-1469.1984816698346,0.1,7.2318952090619675
504,-1574.8258281762976,0.1,7.195735733016658
505,377.02335959014,0.1,7.159757054351575
506,-2709.7312874635545,0.1,7.123958269079817
507,-460.23647584615264,0.1,7.088338477734418
508,-3656.9070556391866,0.1,7.052896785345745
509,-1980.0365920500144,0.1,7.017632301419017
510,-3517.1232702117645,0.1,6.982544139911922
511,-2420.02981819782,0.1,6.947631419212362
512,-1958.4338001924116,0.1,6.912893262116301
513,171.5808511860289,0.1,6.878328795805719
514,-1571.6719675758452,0.1,6.84393715182669
515,-2915.8317815228297,0.1,6.809717466067557
516,-3066.467015891961,0.1,6.7756688787372195
517,-1014.0069709456234,0.1,6.741790534343533
518,-1674.96037512457,0.1,6.708081581671816
519,-2137.295901334187,0.1,6.674541173763457
520,-2375.274019886945,0.1,6.641168467894639
521,-793.3144427495579,0.1,6.607962625555166
522,-844.7390282713689,0.1,6.574922812427389
523,-2976.5274725123245,0.1,6.5420481983652525
524,-2126.4116503928417,0.1,6.509337957373426
525,-451.55144586266675,0.1,6.476791267586559
526,-2790.5368672655964,0.1,6.444407311248626
527,-142.9232804977969,0.1,6.412185274692383
528,-3902.7293222434973,0.1,6.380124348318921
529,-2632.1079890819547,0.1,6.348223726577326
530,-1933.657622857772,0.1,6.316482607944439
531,-1206.3607439639934,0.1,6.284900194904717
532,-257.48100423155273,0.1,6.253475693930193
533,-778.8223775119951,0.1,6.222208315460542
534,-1989.010268971867,0.1,6.19109727388324
535,-1208.079670236607,0.1,6.160141787513823
536,-2531.362294627408,0.1,6.129341078576254
537,-2259.498436910447,0.1,6.098694373183373
538,-843.6349703741419,0.1,6.068200901317456
539,-2025.6552439840102,0.1,6.037859896810869
540,-2882.5644310708135,0.1,6.007670597326815
541,-2460.419376349323,0.1,5.977632244340181
542,-2661.5535049397217,0.1,5.94774408311848
543,856.2774328404848,0.1,5.918005362702888
544,-192.78384307657916,0.1,5.888415335889373
545,-474.86618132595754,0.1,5.858973259209926
546,-3115.6880506251514,0.1,5.829678392913877
547,836.8737120597407,0.1,5.8005300009493075
548,-2960.301461609406,0.1,5.771527350944561
549,-1287.3856327381939,0.1,5.742669714189838
550,41.826867821637165,0.1,5.7139563656188885
551,261.93118209822217,0.1,5.685386583790794
552,-1925.3048559713825,0.1,5.65695965087184
553,-3401.3034303242866,0.1,5.628674852617481
554,-3402.1745600051404,0.1,5.600531478354394
555,-1915.9100002999312,0.1,5.572528820962622
556,225.38063752770063,0.1,5.544666176857809
557,135.95851205906712,0.1,5.51694284597352
558,-2634.2082590303585,0.1,5.489358131743653
559,-1450.704539033523,0.1,5.461911341084934
560,-2308.844342942765,0.1,5.43460178437951
561,-1819.1438160741468,0.1,5.407428775457612
562,-1161.2756322013151,0.1,5.380391631580324
563,-247.7421191239979,0.1,5.353489673422422
564,237.61282530595645,0.1,5.326722225055311
565,-3569.9794764081403,0.1,5.300088613930034
566,-3100.8030814346994,0.1,5.273588170860384
567,-2635.521225650708,0.1,5.247220230006082
568,-2187.761492648727,0.1,5.220984128856052
569,-2235.5625078519597,0.1,5.194879208211772
570,-2035.851730333809,0.1,5.168904812170712
571,-2365.2481414476433,0.1,5.143060288109859
572,-475.15090718849035,0.1,5.11734498666931
573,-2602.315441844032,0.1,5.091758261735963
574,-379.07847800737824,0.1,5.066299470427284
575,-3114.716378398828,0.1,5.040967973075147
576,-1877.9317960817773,0.1,5.015763133209771
577,-3534.4185553189213,0.1,4.990684317543722
578,-935.378774274268,0.1,4.965730895956003
579,-4534.9964433850555,0.1,4.940902241476223
580,-4148.194005235185,0.1,4.916197730268842
581,-4081.18683468659,0.1,4.891616741617498
582,-2105.466937239149,0.1,4.86715865790941
583,-3279.652561409673,0.1,4.842822864619864
584,-4634.320777341889,0.1,4.8186087502967645
585,-4563.846777222089,0.1,4.794515706545281
586,-2411.3785900476305,0.1,4.770543128012554
587,-1398.366816121889,0.1,4.746690412372492
588,-915.2939714683279,0.1,4.722956960310629
589,-3130.3637971139456,0.1,4.699342175509076
590,-2866.613529396077,0.1,4.675845464631531
591,-2874.9191029853982,0.1,4.652466237308373
592,-3274.5802622259143,0.1,4.629203906121831
593,-2218.543502043229,0.1,4.6060578865912225
594,-2858.308128076783,0.1,4.583027597158266
595,-2916.5368019514576,0.1,4.560112459172475
596,-2118.258097306992,0.1,4.537311896876613
597,-1201.397013301531,0.1,4.514625337392229
598,-872.1875145080187,0.1,4.4920522107052685
599,-1163.6966160279806,0.1,4.4695919496517424
600,-3286.3035121673697,0.1,4.447243989903484
601,-1657.1224915571447,0.1,4.425007769953966
602,-2658.660463637972,0.1,4.402882731104197
603,-2829.2698275853436,0.1,4.380868317448676
604,-3332.092963271122,0.1,4.358963975861433
605,-1826.8455430956028,0.1,4.337169155982125
606,-727.9454185100374,0.1,4.3154833102022145
607,-3016.175746658129,0.1,4.293905893651203
608,-818.1984009583225,0.1,4.272436364182948
609,-1654.7347714305788,0.1,4.251074182362033
610,-4210.131634390398,0.1,4.229818811450222
611,-2739.834674088429,0.1,4.208669717392971
612,-2196.2097371593472,0.1,4.187626368806006
613,-3029.5295729700492,0.1,4.166688236961976
614,-2031.3411630888265,0.1,4.145854795777166
615,-3158.457472921456,0.1,4.12512552179828
616,-2443.460290086259,0.1,4.1044998941892885
617,-1993.675882527031,0.1,4.083977394718342
618,-349.070216861301,0.1,4.0635575077447506
619,-2007.8954262061338,0.1,4.043239720206027
620,-1814.2489285065442,0.1,4.023023521604997
621,-1566.0409764323017,0.1,4.002908403996972
622,-1083.1739504213012,0.1,3.9828938619769865
623,-3686.8990864445714,0.1,3.9629793926671013
624,-1726.9295512435506,0.1,3.943164495703766
625,-1716.626136353038,0.1,3.923448673225247
626,-4655.869715812499,0.1,3.903831429859121
627,-1349.013832416656,0.1,3.8843122727098254
628,-2447.859276976359,0.1,3.864890711346276
629,-1988.5171214447953,0.1,3.8455662577895446
630,-3827.165554037879,0.1,3.826338426500597
631,-1551.6042726426854,0.1,3.8072067343680938
632,-1515.392156260162,0.1,3.788170700696253
633,-3864.572000990907,0.1,3.7692298471927717
634,-1116.636925087326,0.1,3.7503836979568077
635,-1951.815001676958,0.1,3.7316317794670235
636,-2449.6535028465555,0.1,3.7129736205696884
637,-2110.102813255862,0.1,3.69440875246684
638,-4052.338703436195,0.1,3.675936708704506
639,-1850.5305684528794,0.1,3.6575570251609832
640,-3447.6930276382714,0.1,3.6392692400351785
641,-2767.3032305676666,0.1,3.6210728938350027
642,-1840.4773541982277,0.1,3.6029675293658276
643,-2148.1793921622316,0.1,3.5849526917189984
644,-1095.2467196291223,0.1,3.5670279282604036
645,-796.4032473699634,0.1,3.5491927886191017
646,-384.74738626431565,0.1,3.531446824676006
647,-1420.8100977018457,0.1,3.513789590552626
648,-2821.4913941431405,0.1,3.4962206425998628
649,-2952.4179794474276,0.1,3.4787395393868636
650,-1455.2751082200314,0.1,3.4613458416899294
651,-1777.9852370142246,0.1,3.4440391124814798
652,-4604.045423320191,0.1,3.426818916919072
653,-3413.321501171718,0.1,3.409684822334477
654,-128.78212239662565,0.1,3.3926363982228045
655,-3883.2559591019217,0.1,3.3756732162316903
656,-3530.6501347663566,0.1,3.358794850150532
657,-3392.043822668496,0.1,3.342000875899779
658,-2509.218941594016,0.1,3.3252908715202802
659,-579.0775957068327,0.1,3.308664417162679
660,-1278.6574956288734,0.1,3.2921210950768653
661,-883.1203728328228,0.1,3.275660489601481
662,-1522.196754627708,0.1,3.2592821871534734
663,-1407.780436603548,0.1,3.242985776217706
664,-1289.8355586275384,0.1,3.2267708473366175
665,-2798.5887004729693,0.1,3.2106369930999343
666,-1647.0375567314466,0.1,3.1945838081344347
667,-1750.7770939167046,0.1,3.1786108890937625
668,666.2259812086784,0.1,3.162717834648294
669,-1964.6011791222313,0.1,3.1469042454750524
670,-1959.8443021916391,0.1,3.1311697242476773
671,-2350.796851282557,0.1,3.115513875626439
672,-1682.3667643216122,0.1,3.0999363062483067
673,-4099.460731726143,0.1,3.0844366247170654
674,-806.3726225012758,0.1,3.06901444159348
675,-844.9167821173471,0.1,3.0536693693855126
676,-2166.660955261081,0.1,3.038401022538585
677,-3893.8770462833836,0.1,3.0232090174258923
678,-1026.5257188027733,0.1,3.008092972338763
679,-4519.797443931839,0.1,2.993052507477069
680,-662.4225959301788,0.1,2.9780872449396836
681,-4676.443579303146,0.1,2.963196808714985
682,-634.8594399206946,0.1,2.94838082467141
683,-1098.11045507782,0.1,2.933638920548053
684,-3440.6320266269095,0.1,2.9189707259453126
685,-3411.4513699807385,0.1,2.904375872315586
686,-1735.1869077251254,0.1,2.889853992954008
687,-3864.5477358147073,0.1,2.875404722989238
688,-3890.530663011219,0.1,2.861027699374292
689,-1185.1246183769713,0.1,2.8467225608774203
690,-4042.3581148890275,0.1,2.832488948073033
691,-2897.3661712296466,0.1,2.818326503332668
692,-2376.0226939745153,0.1,2.8042348708160043
693,128.11354492535907,0.1,2.790213696461924
694,-2542.0685673016196,0.1,2.7762626279796145
695,-3342.2726030454924,0.1,2.7623813148397165
696,741.5908271155204,0.1,2.748569408265518
697,308.93619957305714,0.1,2.7348265612241907
698,-1237.798314725723,0.1,2.7211524284180695
699,-305.0020670249453,0.1,2.707546666275979
700,-4532.550879934099,0.1,2.694008932944599
701,-1836.3730846158057,0.1,2.680538888279876
702,-1677.2545071592833,0.1,2.667136193838477
703,146.47747843698576,0.1,2.6538005128692848
704,-2191.8231085418756,0.1,2.6405315103049385
705,-1745.31321829916,0.1,2.627328852753414
706,-592.6633915456412,0.1,2.614192208489647
707,-4619.491246447242,0.1,2.6011212474471987
708,-4610.019434267557,0.1,2.5881156412099626
709,-1943.2813795604643,0.1,2.575175063003913
710,-1821.8295153058784,0.1,2.562299187688893
711,-1672.9961399878089,0.1,2.5494876917504485
712,-1382.923744868181,0.1,2.5367402532916965
713,-2833.625387695472,0.1,2.524056552025238
714,1.341109155872175,0.1,2.5114362692651118
715,1216.9376432778172,0.1,2.498879087918786
716,894.8007541813033,0.1,2.4863846924791924
717,-1064.4008328483458,0.1,2.473952769016796
718,-298.8433529075926,0.1,2.461583005171712
719,-494.13627864633355,0.1,2.4492750901458535
720,-2025.8834904765179,0.1,2.437028714695124
721,-1825.9140966328987,0.1,2.4248435711216487
722,-496.7743136682464,0.1,2.4127193532660405
723,-1497.0617921816963,0.1,2.4006557564997104
724,-1498.2445539216715,0.1,2.388652477717212
725,-54.97674047443434,0.1,2.376709215328626
726,3928.3504433530657,0.1,2.364825669251983
727,-1859.0247027203332,0.1,2.3530015409057228
728,-311.03516553129833,0.1,2.341236533201194
729,205.57653136105597,0.1,2.329530350535188
730,-2686.5045814779396,0.1,2.3178826987825123
731,-1982.417982187243,0.1,2.3062932852885996
732,-2121.4240356933533,0.1,2.2947618188621566
733,-1885.5758438461094,0.1,2.283288009767846
734,-2563.867019371764,0.1,2.2718715697190066
735,-1551.950241639073,0.1,2.2605122118704117
736,-1686.1708340047696,0.1,2.2492096508110597
737,-1501.5100691806642,0.1,2.2379636025570044
738,-2167.6970393505644,0.1,2.2267737845442195
739,528.066602054648,0.1,2.2156399156214985
740,-3049.739511582735,0.1,2.2045617160433912
741,-3004.0728758475475,0.1,2.193538907463174
742,-1155.1804099194142,0.1,2.182571212925858
743,-39.84775438459596,0.1,2.171658356861229
744,-1442.4789998870328,0.1,2.1608000650769226
745,-4667.1300006535985,0.1,2.149996064751538
746,-3429.947862150338,0.1,2.1392460844277803
747,-2132.1765992635665,0.1,2.1285498540056413
748,-2912.5873427458923,0.1,2.1179071047356133
749,-531.0423231861992,0.1,2.107317569211935
750,-3934.3881701647388,0.1,2.0967809813658755
751,-1003.5306310289284,0.1,2.0862970764590463
752,-4637.248787394447,0.1,2.075865591076751
753,-4708.571402519325,0.1,2.0654862631213673
754,-2223.0459145776913,0.1,2.0551588318057603
755,-4765.429503577283,0.1,2.0448830376467315
756,-2864.874086747183,0.1,2.034658622458498
757,-2453.5809925363665,0.1,2.0244853293462053
758,-3891.341487174139,0.1,2.014362902699474
759,-1643.3169397267484,0.1,2.0042910881859766
760,-2546.7703541894934,0.1,1.9942696327450466
761,-705.7091121384703,0.1,1.9942696327450466
762,-1373.832654230895,0.1,1.9942696327450466
763,-4472.1993266800955,0.1,1.9942696327450466
764,-2589.046063980614,0.1,1.9942696327450466
765,-1019.6332528547634,0.1,1.9942696327450466
766,-1574.905238983,0.1,1.9942696327450466
767,-2387.0833377188937,0.1,1.9942696327450466
768,-4601.15233839076,0.1,1.9942696327450466
769,-907.2428219183847,0.1,1.9942696327450466
770,-4557.120764117538,0.1,1.9942696327450466
771,-1662.6626140089602,0.1,1.9942696327450466
772,-4032.1661368309956,0.1,1.9942696327450466
773,131.51337142443577,0.1,1.9942696327450466
774,-4464.515809492247,0.1,1.9942696327450466
775,-1234.9109139275693,0.1,1.9942696327450466
776,-527.2595062158273,0.1,1.9942696327450466
777,-2101.010498904804,0.1,1.9942696327450466
778,-4661.833734601418,0.1,1.9942696327450466
779,-3530.901733031039,0.1,1.9942696327450466
780,-4094.794048461005,0.1,1.9942696327450466
781,-4603.746416125252,0.1,1.9942696327450466
782,-2697.5000836069516,0.1,1.9942696327450466
783,-1085.0673954716751,0.1,1.9942696327450466
784,871.9679206870554,0.1,1.9942696327450466
785,-4704.639736745847,0.1,1.9942696327450466
786,-1518.4937214278095,0.1,1.9942696327450466
787,901.7809110920202,0.1,1.9942696327450466
788,804.7483101543532,0.1,1.9942696327450466
789,-3583.6238524990276,0.1,1.9942696327450466
790,-2725.572723869066,0.1,1.9942696327450466
791,-481.05928291898033,0.1,1.9942696327450466
792,-4051.0927813853277,0.1,1.9942696327450466
793,-907.0427547457148,0.1,1.9942696327450466
794,96.59701928357958,0.1,1.9942696327450466
795,483.03801390394267,0.1,1.9942696327450466
796,-912.7837506569862,0.1,1.9942696327450466
797,-3184.1614389137208,0.1,1.9942696327450466
798,-1170.7333763326287,0.1,1.9942696327450466
799,-1023.7050677747839,0.1,1.9942696327450466
800,-583.8613130390693,0.1,1.9942696327450466
801,-405.61625703887904,0.1,1.9942696327450466
802,-3354.289571736007,0.1,1.9942696327450466
803,-3288.816258425026,0.1,1.9942696327450466
804,-2376.4513941113573,0.1,1.9942696327450466
805,-680.9512874552834,0.1,1.9942696327450466
806,1367.5271639655853,0.1,1.9942696327450466
807,-323.6830756047629,0.1,1.9942696327450466
808,-989.108482124762,0.1,1.9942696327450466
809,-587.707542338098,0.1,1.9942696327450466
810,-1573.4030618546656,0.1,1.9942696327450466
811,-938.4187284488949,0.1,1.9942696327450466
812,53.33830841600428,0.1,1.9942696327450466
813,536.8589223017508,0.1,1.9942696327450466
814,-509.82041068589155,0.1,1.9942696327450466
815,-1670.6339318251444,0.1,1.9942696327450466
816,-1121.2204126000945,0.1,1.9942696327450466
817,-1910.888898629607,0.1,1.9942696327450466
818,-4499.685277672663,0.1,1.9942696327450466
819,-1064.9344986005053,0.1,1.9942696327450466
820,1509.8132588881451,0.1,1.9942696327450466
821,-3326.5979766138735,0.1,1.9942696327450466
822,-4470.075266311461,0.1,1.9942696327450466
823,-2119.741513889776,0.1,1.9942696327450466
824,-2514.6756189267358,0.1,1.9942696327450466
825,-2556.035901066743,0.1,1.9942696327450466
826,-4602.143888807237,0.1,1.9942696327450466
827,-2151.779581988293,0.1,1.9942696327450466
828,1735.7675215822674,0.1,1.9942696327450466
829,-4461.344164017676,0.1,1.9942696327450466
830,20.374374386375337,0.1,1.9942696327450466
831,-250.69018142764386,0.1,1.9942696327450466
832,-4529.872283188519,0.1,1.9942696327450466
833,-1718.447736388429,0.1,1.9942696327450466
834,-1190.0303290123466,0.1,1.9942696327450466
835,-1327.8006427827877,0.1,1.9942696327450466
836,-2699.749824434164,0.1,1.9942696327450466
837,-2831.179813576154,0.1,1.9942696327450466
838,-4467.326357279913,0.1,1.9942696327450466
839,-4588.1274818019465,0.1,1.9942696327450466
840,-3212.605595365966,0.1,1.9942696327450466
841,-959.1688681130329,0.1,1.9942696327450466
842,-4742.090640868189,0.1,1.9942696327450466
843,-2936.3649194625236,0.1,1.9942696327450466
844,-3471.859466745306,0.1,1.9942696327450466
845,147.43820551321556,0.1,1.9942696327450466
846,-4684.109169091782,0.1,1.9942696327450466
847,-2363.1760270420386,0.1,1.9942696327450466
848,-3295.397697929091,0.1,1.9942696327450466
849,-4494.436116464445,0.1,1.9942696327450466
850,-2612.447521206863,0.1,1.9942696327450466
851,-1112.6466568973221,0.1,1.9942696327450466
852,-1461.3487281930352,0.1,1.9942696327450466
853,625.7353650448532,0.1,1.9942696327450466
854,-4078.509421137405,0.1,1.9942696327450466
855,-2665.4089352807773,0.1,1.9942696327450466
856,-1574.7670812172544,0.1,1.9942696327450466
857,-4608.343289440938,0.1,1.9942696327450466
858,-1601.010380947875,0.1,1.9942696327450466
859,-4574.012808939596,0.1,1.9942696327450466
860,940.9643890733824,0.1,1.9942696327450466
861,745.2556765667867,0.1,1.9942696327450466
862,-2921.6538565347696,0.1,1.9942696327450466
863,-1025.6359425059486,0.1,1.9942696327450466
864,-3878.709923018302,0.1,1.9942696327450466
865,-2180.8462242740934,0.1,1.9942696327450466
866,-3377.872724802914,0.1,1.9942696327450466
867,-3812.1558034359628,0.1,1.9942696327450466
868,-2793.2900710200906,0.1,1.9942696327450466
869,-1791.3188648815901,0.1,1.9942696327450466
870,-1260.2324705647395,0.1,1.9942696327450466
871,556.4155852376078,0.1,1.9942696327450466
872,-753.3064793688125,0.1,1.9942696327450466
873,-1707.24569035291,0.1,1.9942696327450466
874,-2337.32823546162,0.1,1.9942696327450466
875,-909.5151500832585,0.1,1.9942696327450466
876,1175.4006154228127,0.1,1.9942696327450466
877,-2093.4288490390586,0.1,1.9942696327450466
878,-2309.0977589526487,0.1,1.9942696327450466
879,-971.4209535205234,0.1,1.9942696327450466
880,-520.3017074212063,0.1,1.9942696327450466
881,-2056.0120882735796,0.1,1.9942696327450466
882,-3530.7427062508277,0.1,1.9942696327450466
883,-1314.5533698359643,0.1,1.9942696327450466
884,-800.3712396192703,0.1,1.9942696327450466
885,-1800.2062136483034,0.1,1.9942696327450466
886,-4479.036689782845,0.1,1.9942696327450466
887,-4609.612554509993,0.1,1.9942696327450466
888,-4473.543536467121,0.1,1.9942696327450466
889,-1589.1508689323368,0.1,1.9942696327450466
890,-1515.3899653009723,0.1,1.9942696327450466
891,-202.84271468038935,0.1,1.9942696327450466
892,267.053414710418,0.1,1.9942696327450466
893,-1220.2420310612397,0.1,1.9942696327450466
894,-910.6160652633399,0.1,1.9942696327450466
895,-4597.0194196705925,0.1,1.9942696327450466
896,-1880.4931883018262,0.1,1.9942696327450466
897,-2093.418455328243,0.1,1.9942696327450466
898,-2632.39787012316,0.1,1.9942696327450466
899,-3578.9542948555454,0.1,1.9942696327450466
900,-3075.1273812198083,0.1,1.9942696327450466
901,-3434.905786902977,0.1,1.9942696327450466
902,-3195.708072516348,0.1,1.9942696327450466
903,-2825.5961454511307,0.1,1.9942696327450466
904,-599.8923282216377,0.1,1.9942696327450466
905,538.4880203999589,0.1,1.9942696327450466
906,-1812.4071866593936,0.1,1.9942696327450466
907,-2150.3284832398617,0.1,1.9942696327450466
908,-1250.1720974839368,0.1,1.9942696327450466
909,-1168.454122476831,0.1,1.9942696327450466
910,-2587.2060257150715,0.1,1.9942696327450466
911,-1754.4454079436314,0.1,1.9942696327450466
912,-2199.2717639434245,0.1,1.9942696327450466
913,-505.0789829967382,0.1,1.9942696327450466
914,32.933864147268025,0.1,1.9942696327450466
915,-2876.956194336052,0.1,1.9942696327450466
916,-3411.6413115486957,0.1,1.9942696327450466
917,-3806.294347657493,0.1,1.9942696327450466
918,-2717.4723153314303,0.1,1.9942696327450466
919,-2798.1135353714744,0.1,1.9942696327450466
920,-778.565184130643,0.1,1.9942696327450466
921,-1247.2080805898163,0.1,1.9942696327450466
922,-1029.5032905085895,0.1,1.9942696327450466
923,-3738.456769988053,0.1,1.9942696327450466
924,-2721.368660310826,0.1,1.9942696327450466
925,-3551.410289879481,0.1,1.9942696327450466
926,-2667.958116512665,0.1,1.9942696327450466
927,-997.403904627756,0.1,1.9942696327450466
928,-1918.2453697996975,0.1,1.9942696327450466
929,-1049.3176971124142,0.1,1.9942696327450466
930,-917.8442893611268,0.1,1.9942696327450466
931,811.3390294409758,0.1,1.9942696327450466
932,908.816626529726,0.1,1.9942696327450466
933,187.94638244043506,0.1,1.9942696327450466
934,-1029.9289425178129,0.1,1.9942696327450466
935,-374.37782774176856,0.1,1.9942696327450466
936,-1336.110230126113,0.1,1.9942696327450466
937,-2231.711518772308,0.1,1.9942696327450466
938,-876.1951934276617,0.1,1.9942696327450466
939,-3655.5590663184103,0.1,1.9942696327450466
940,11.874766353663858,0.1,1.9942696327450466
941,-3962.107391428107,0.1,1.9942696327450466
942,-4101.248715243703,0.1,1.9942696327450466
943,-2747.7324723434563,0.1,1.9942696327450466
944,-4006.497261997874,0.1,1.9942696327450466
945,-2871.9480111227485,0.1,1.9942696327450466
946,-529.7974526146352,0.1,1.9942696327450466
947,-3848.6231759459806,0.1,1.9942696327450466
948,-1904.101406606921,0.1,1.9942696327450466
949,-3114.9581100175074,0.1,1.9942696327450466
950,-3610.0915422099033,0.1,1.9942696327450466
951,-1448.2394317761173,0.1,1.9942696327450466
952,-411.61243142921666,0.1,1.9942696327450466
953,-311.0364189154516,0.1,1.9942696327450466
954,-199.4630673056019,0.1,1.9942696327450466
955,-712.0116221314833,0.1,1.9942696327450466
956,-202.61805881571053,0.1,1.9942696327450466
957,365.7609572356173,0.1,1.9942696327450466
958,-364.03890335225947,0.1,1.9942696327450466
959,325.69910763318825,0.1,1.9942696327450466
960,136.28292869316783,0.1,1.9942696327450466
961,926.111709755611,0.1,1.9942696327450466
962,-360.9569773150422,0.1,1.9942696327450466
963,620.709856830859,0.1,1.9942696327450466
964,18.329930336867676,0.1,1.9942696327450466
965,-387.1756794871896,0.1,1.9942696327450466
966,-4514.0820950375855,0.1,1.9942696327450466
967,-840.7524893678517,0.1,1.9942696327450466
968,-815.6916064666104,0.1,1.9942696327450466
969,1331.3439185496945,0.1,1.9942696327450466
970,57.45965163866896,0.1,1.9942696327450466
971,415.43254945603763,0.1,1.9942696327450466
972,652.9893678931825,0.1,1.9942696327450466
973,600.7358027183425,0.1,1.9942696327450466
974,-762.2081557133356,0.1,1.9942696327450466
975,2792.329417524975,0.1,1.9942696327450466
976,656.741096183473,0.1,1.9942696327450466
977,622.2057435892696,0.1,1.9942696327450466
978,-861.1913548325435,0.1,1.9942696327450466
979,2847.840204232358,0.1,1.9942696327450466
980,833.3495210164847,0.1,1.9942696327450466
981,-3710.9884384817387,0.1,1.9942696327450466
982,-231.1906459858328,0.1,1.9942696327450466
983,-763.5088072719391,0.1,1.9942696327450466
984,971.7463770212112,0.1,1.9942696327450466
985,622.7850565974899,0.1,1.9942696327450466
986,-3478.8291403974617,0.1,1.9942696327450466
987,-4829.171862302486,0.1,1.9942696327450466
988,791.6805636966037,0.1,1.9942696327450466
989,-159.06181011123635,0.1,1.9942696327450466
990,-3253.993428034447,0.1,1.9942696327450466
991,-1946.0667806146062,0.1,1.9942696327450466
992,1252.845528460771,0.1,1.9942696327450466
993,1619.1769428476657,0.1,1.9942696327450466
994,-3468.9137579403,0.1,1.9942696327450466
995,-2987.6623652462204,0.1,1.9942696327450466
996,264.7411163350928,0.1,1.9942696327450466
997,-374.8943174028039,0.1,1.9942696327450466
998,-2971.2980996622064,0.1,1.9942696327450466
999,-88.57522242665183,0.1,1.9942696327450466
