episode,score,eps,temperature,strategy = ['epsilon'],alpha = 0.5,atten = 0.9
0,-3917.165263065538,0.1,90.0
1,-4363.80320545326,0.10101010101010102,90.0
2,-4018.7970267430705,0.10203040506070811,90.0
3,-3598.194564155893,0.10306101521283648,90.0
4,-5024.784774292962,0.1041020355685217,90.0
5,-4021.8793931715377,0.10515357128133505,90.0
6,-3628.383206091472,0.1062157285670051,90.0
7,-4812.810704072658,0.10728861471414657,90.0
8,-4020.24425212094,0.10837233809509754,90.0
9,-4071.4564449086615,0.1094670081768662,90.0
10,-3846.7436656652762,0.11057273553218809,90.0
11,-4128.645526368142,0.11168963185069504,90.0
12,-4501.180176771843,0.11281780995019701,90.0
13,-3549.9721455860026,0.11395738378807779,90.0
14,-3623.7532714102813,0.11510846847280586,90.0
15,-924.4697302096823,0.11627118027556146,90.0
16,-5133.144909897778,0.11744563664198128,90.0
17,-4083.6718197884734,0.11863195620402149,90.0
18,-3362.986752538815,0.1198302587919409,90.0
19,-3655.5622773735404,0.12104066544640495,90.0
20,-1886.0259566471468,0.12226329843071207,90.0
21,-2500.6504082073075,0.1234982812431435,90.0
22,-4342.526784831615,0.12474573862943789,90.0
23,-3405.262679070889,0.1260057965953918,90.0
24,-2155.2995919176583,0.12727858241958767,90.0
25,-4859.739924035792,0.12856422466625017,90.0
26,-3800.1834057871647,0.1298628531982325,90.0
27,-3221.087364492083,0.13117459919013383,90.0
28,-1528.6712328875076,0.13249959514154933,90.0
29,-5171.516182961146,0.13383797489045388,90.0
30,-4297.299132887763,0.13518987362672108,90.0
31,-3408.1493800442804,0.13655542790577888,90.0
32,-5028.568519447153,0.1379347756624029,90.0
33,-2552.8233207605117,0.1393280562246494,90.0
34,-4000.370193433734,0.1407354103279287,90.0
35,-3766.374571116384,0.1421569801292209,90.0
36,-4977.854997170656,0.14359290922143525,90.0
37,-4061.490397175769,0.1450433426479144,90.0
38,-3267.232598382651,0.14650842691708527,90.0
39,-3389.237721098748,0.14798831001725785,90.0
40,-4670.580966671091,0.1494831414315736,90.0
41,-3173.2251956806394,0.15099307215310465,90.0
42,-4679.412320364894,0.15251825470010572,90.0
43,-4180.646162881724,0.1540588431314199,90.0
44,-2402.356131502568,0.1556149930620403,90.0
45,-1758.8926217937023,0.1571868616788286,90.0
46,-3189.861123860297,0.15877460775639252,90.0
47,-4732.500781596654,0.16037839167312376,90.0
48,-4811.12964166051,0.16199837542739773,90.0
49,-4296.620089625004,0.1636347226539371,90.0
50,-3611.185254934392,0.1652875986403405,90.0
51,-4334.511737841753,0.1669571703437783,90.0
52,-3897.5714120261737,0.16864360640785686,90.0
53,-2848.8056345737905,0.1703470771796534,90.0
54,-4642.044881672808,0.17206775472692262,90.0
55,-3634.18951202816,0.1738058128554774,90.0
56,-5074.379417410427,0.17556142712674483,90.0
57,-668.8496901008372,0.17733477487549984,90.0
58,-2955.005419443425,0.17912603522777762,90.0
59,-4139.363635342676,0.18093538911896728,90.0
60,-1088.5774954923072,0.18276301931208816,90.0
61,-1239.4385715816613,0.18460911041625067,90.0
62,-4427.563282576692,0.1864738489053037,90.0
63,-3408.7937611995326,0.1883574231366704,90.0
64,-4436.907463742767,0.19026002337037415,90.0
65,-4037.3686488364006,0.19218184178825673,90.0
66,-4296.228427786918,0.19412307251339064,90.0
67,-3916.3966274100176,0.19608391162968752,90.0
68,-2680.4437541456587,0.19806455720170457,90.0
69,-669.9029307990185,0.20006520929465108,90.0
70,-4987.3195850204465,0.20208606999459705,90.0
71,-3545.9318381905146,0.20412734342888592,90.0
72,-3135.8838592841935,0.20618923578675344,90.0
73,-2582.989111002619,0.208271955340155,90.0
74,-4803.568732259963,0.21037571246480302,90.0
75,-4498.8062157526765,0.2125007196614172,90.0
76,-3345.4394057979516,0.2146471915771891,90.0
77,-2443.3153812739693,0.21681534502746372,90.0
78,-4115.24126681361,0.21900539901764013,90.0
79,-956.6899786937197,0.22121757476529305,90.0
80,-3596.103117121048,0.22345209572251823,90.0
81,-4041.973221594275,0.22570918759850325,90.0
82,-3059.1006484592776,0.22798907838232652,90.0
83,-3248.1316077017436,0.23029199836598638,90.0
84,-4170.201222377622,0.232618180167663,90.0
85,-3295.730128260098,0.23496785875521517,90.0
86,-4251.692035088432,0.23734127146991432,90.0
87,-4565.554798134321,0.2397386580504185,90.0
88,-2025.3788191305196,0.24216026065698837,90.0
89,-4114.725788301667,0.24460632389594786,90.0
90,-4019.623327642728,0.24707709484439178,90.0
91,-3920.854918057118,0.2495728230751432,90.0
92,-4151.748306350386,0.2520937606819628,90.0
93,-1524.4720237523575,0.25464016230501296,90.0
94,-5094.327324465873,0.25721228515657873,90.0
95,-1373.7244145573404,0.25981038904704923,90.0
96,-4925.373791883443,0.26243473641116083,90.0
97,-4240.8745926573165,0.2650855923345059,90.0
98,-5126.600401064619,0.267763224580309,90.0
99,-3593.0615679616553,0.2704679036164737,90.0
100,-3949.428777727182,0.2731999026429027,90.0
101,-3727.560388750533,0.27595949761909366,90.0
102,-4639.459091612808,0.2787469672920138,90.0
103,-4280.020460969195,0.28156259322425636,90.0
104,-4386.059197771429,0.2844066598224812,90.0
105,-4342.2009686546635,0.2872794543661426,90.0
106,-4914.836316535095,0.2901812670365077,90.0
107,-4808.863106887412,0.29311239094596736,90.0
108,-4422.487071409296,0.2960731221676438,90.0
109,-4200.695821282844,0.29906375976529675,90.0
110,-3866.6940592421324,0.3020846058235321,90.0
111,-4060.874742789328,0.30513596547831523,90.0
112,-4413.413619187856,0.30821814694779315,90.0
113,-750.4945082469774,0.31133146156342745,90.0
114,-4439.2960253387255,0.31447622380144186,90.0
115,-4779.649683917701,0.31765275131458776,90.0
116,-4408.592358530783,0.32086136496423007,90.0
117,-3546.1300271447794,0.32410238885275766,90.0
118,-4746.640491510871,0.3273761503563209,90.0
119,-3823.317863138115,0.3306829801578999,90.0
120,-4649.824946787098,0.33402321228070697,90.0
121,-3931.3388217223633,0.33739718412192626,90.0
122,-4664.840314839731,0.3408052364867942,90.0
123,-3738.2860576328435,0.3442477136230245,90.0
124,-3534.387785433432,0.3477249632555803,90.0
125,-3078.8127400839385,0.3512373366217983,90.0
126,-4274.3238143078615,0.35478518850686697,90.0
127,-4196.045378516461,0.3583688772796636,90.0
128,-3250.4144547353094,0.36198876492895316,90.0
129,-4754.18284975974,0.3656452170999527,90.0
130,-4939.104500074744,0.3693386031312653,90.0
131,-4021.373892625205,0.3730692960921872,90.0
132,-1142.9222799379083,0.3768376728203911,90.0
133,-3205.97890026839,0.38064411395999104,90.0
134,-3898.8487369326303,0.384489003999991,90.0
135,-4446.947452101179,0.3883727313131222,90.0
136,-180.19313834453794,0.39229568819507293,90.0
137,-835.3409153856472,0.3962582709041141,90.0
138,-4314.115081696282,0.40026087970112534,90.0
139,-338.64358577284736,0.4043039188900256,90.0
140,-3509.0421213639456,0.4083877968586117,90.0
141,-4194.796364962137,0.41251292611980983,90.0
142,-2557.7773063220448,0.41667972335334325,90.0
143,-4466.56934800134,0.42088860944782147,90.0
144,-2693.3113526087905,0.42514000954325404,90.0
145,-3928.5014585982535,0.42943435307399397,90.0
146,-3537.8915895316027,0.43377207381211513,90.0
147,-3393.2936556384957,0.4381536099112274,90.0
148,-2986.428570585793,0.44257940395073475,90.0
149,-4947.624593416126,0.44704990298054015,90.0
150,-4424.21360438933,0.4515655585662022,90.0
151,-4984.131031438557,0.45612682683454764,90.0
152,-2906.4738144903754,0.4607341685197451,90.0
153,-2445.03702296603,0.46538804900984354,90.0
154,-4141.275923372389,0.47008893839378135,90.0
155,-3254.1930605983594,0.47483731150887004,90.0
156,-3870.579245139882,0.4796336479887576,90.0
157,-4484.820733482357,0.4844784323118764,90.0
158,-3830.4228615945017,0.4893721538503802,90.0
159,-2999.7182390356925,0.4943153069195759,90.0
160,-3874.420379396002,0.4993083908278545,90.0
161,-3785.40419646443,0.5043519099271258,90.0
162,-3143.487069019493,0.5094463736637634,90.0
163,-1864.0885516630256,0.5145922966300641,90.0
164,-1563.5920366283913,0.5197901986162264,90.0
165,-4670.005144317998,0.525040604662855,90.0
166,-3897.160844228235,0.5303440451139949,90.0
167,-2711.0970777247367,0.5357010556707019,90.0
168,-3213.3798209931024,0.5411121774451535,90.0
169,-2722.109020858165,0.5465779570153065,90.0
170,-5077.498095521034,0.5520989464801076,90.0
171,-4271.544210908208,0.5576757035152602,90.0
172,-3746.961151801751,0.5633087914295557,90.0
173,-2828.906459305103,0.5689987792217734,90.0
174,-4493.793632615196,0.574746241638155,90.0
175,-2851.6144181850605,0.5805517592304597,90.0
176,-3681.1362039046635,0.5864159184146057,90.0
177,-1093.2868412731307,0.5923393115299048,90.0
178,-5089.775201292591,0.5983225368988938,90.0
179,-4170.663730062987,0.6043661988877715,90.0
180,-3455.0016475767297,0.610470907967446,90.0
181,-2944.528684309453,0.616637280775198,90.0
182,-3578.9816184326473,0.6228659401769676,90.0
183,-2239.9945882610323,0.6291575153302703,90.0
184,-4052.3616880612844,0.6355126417477478,90.0
185,-4175.902624325027,0.6419319613613614,90.0
186,-3843.531766669561,0.6484161225872338,90.0
187,-3317.2675375345134,0.6549657803911453,90.0
188,-3555.980008506551,0.6615815963546922,90.0
189,-2856.099623359068,0.6682642387421133,90.0
190,-2780.900961193541,0.6750143825677912,90.0
191,-1086.0383061306188,0.6818327096644355,90.0
192,-3827.0010336964306,0.6887199087519551,90.0
193,-2485.9390506172463,0.6956766755070254,90.0
194,-2834.793150519518,0.702703712633359,90.0
195,-3171.5889839549263,0.7098017299326859,90.0
196,-3304.7359718270036,0.7169714443764503,90.0
197,-1615.6965024563178,0.7242135801782327,90.0
198,-1175.5206000023159,0.7315288688669017,90.0
199,-3970.5222084926236,0.7389180493605068,90.0
200,-2623.8018853354,0.7463818680409159,90.0
201,-4839.572466347936,0.753921078829208,90.0
202,-1852.5690465463458,0.7615364432618262,90.0
203,-1060.461393799727,0.7692287305675013,90.0
204,-3417.579355182753,0.7769987177449508,90.0
205,-3578.61199461466,0.7848471896413645,90.0
206,-371.99884692541883,0.7927749390316813,90.0
207,-4545.161851617313,0.800782766698668,90.0
208,-3849.7517636302623,0.8088714815138061,90.0
209,-2176.0633768752728,0.8170419005189961,90.0
210,-3247.8357291898838,0.8252948490090869,90.0
211,-3804.1952818325435,0.8336311606152393,90.0
212,-4298.883571285235,0.8420516773891307,90.0
213,-2982.248676223176,0.8505572498880107,90.0
214,-3486.171373857302,0.8591487372606169,90.0
215,-3925.2992991563615,0.8678270073339565,90.0
216,-3270.1245779256515,0.8765929367009662,90.0
217,-3241.130372607272,0.8854474108090568,90.0
218,-4188.781222117045,0.8943913240495522,90.0
219,-4329.828183742901,0.9034255798480326,90.0
220,-3640.9345305319325,0.9125510907555885,90.0
221,-252.358401639771,0.9217687785409985,90.0
222,-2210.6084778035856,0.9310795742838368,90.0
223,-3149.9949635537164,0.940484418468522,90.0
224,-1495.4159827907501,0.9499842610793152,90.0
225,-3023.917941112601,0.959580061696278,90.0
226,-281.13955490088205,0.9692727895922,90.0
227,-910.1356189115943,0.979063423830505,90.0
228,-1987.7331019554258,0.9889529533641466,90.0
229,-1730.6018757223965,0.9889529533641466,90.0
230,-1709.4682743305673,0.9889529533641466,90.0
231,-3129.379694407585,0.9889529533641466,90.0
232,-2151.7614808473318,0.9889529533641466,90.0
233,-1846.845818107491,0.9889529533641466,90.0
234,-1730.6018757223965,0.9889529533641466,90.0
235,-72.23571379014777,0.9889529533641466,90.0
236,-11.033125666790198,0.9889529533641466,90.0
237,-1504.8644799878032,0.9889529533641466,90.0
238,-1760.242480455679,0.9889529533641466,90.0
239,-1212.8583018367203,0.9889529533641466,90.0
240,-1789.8763015172287,0.9889529533641466,90.0
241,-1031.258698980274,0.9889529533641466,90.0
242,-2668.1015197579873,0.9889529533641466,90.0
243,-2842.0048648760876,0.9889529533641466,90.0
244,-1285.6433194936226,0.9889529533641466,90.0
245,-3294.957009735414,0.9889529533641466,90.0
246,-1730.6018757223965,0.9889529533641466,90.0
247,-2028.8100088618723,0.9889529533641466,90.0
248,-3554.3623429686463,0.9889529533641466,90.0
249,-3522.2186096748133,0.9889529533641466,90.0
250,506.74423800807506,0.9889529533641466,90.0
251,-2021.0637134567237,0.9889529533641466,90.0
252,-1730.6018757223965,0.9889529533641466,90.0
253,-2084.193986208641,0.9889529533641466,90.0
254,-1672.725702194892,0.9889529533641466,90.0
255,-2034.828645748147,0.9889529533641466,90.0
256,-1401.0666865465887,0.9889529533641466,90.0
257,-1987.0764793223568,0.9889529533641466,90.0
258,111.78320072532071,0.9889529533641466,90.0
259,-2491.027504044247,0.9889529533641466,90.0
260,270.6929920483732,0.9889529533641466,90.0
261,-1735.729270105468,0.9889529533641466,90.0
262,-2070.073652700939,0.9889529533641466,90.0
263,-2146.842899567358,0.9889529533641466,90.0
264,-853.3729816250957,0.9889529533641466,90.0
265,-1730.6018757223965,0.9889529533641466,90.0
266,-2169.322525626528,0.9889529533641466,90.0
267,-2040.8143000748125,0.9889529533641466,90.0
268,-1634.5760160946468,0.9889529533641466,90.0
269,-1440.7344666844838,0.9889529533641466,90.0
270,-718.7323038007962,0.9889529533641466,90.0
271,-2179.477864038067,0.9889529533641466,90.0
272,-2225.768565324716,0.9889529533641466,90.0
273,-2471.153988264598,0.9889529533641466,90.0
274,-896.7764050870234,0.9889529533641466,90.0
275,68.96568656614534,0.9889529533641466,90.0
276,-2726.504221093949,0.9889529533641466,90.0
277,-1735.3931475362035,0.9889529533641466,90.0
278,-1689.1121462480614,0.9889529533641466,90.0
279,-3698.559376410416,0.9889529533641466,90.0
280,-1974.0602123621743,0.9889529533641466,90.0
281,-3056.1400492215835,0.9889529533641466,90.0
282,-3400.616259466336,0.9889529533641466,90.0
283,-3400.7811186421054,0.9889529533641466,90.0
284,-2889.7503917484105,0.9889529533641466,90.0
285,-2146.0208220742966,0.9889529533641466,90.0
286,-1814.245591425811,0.9889529533641466,90.0
287,293.0857508173025,0.9889529533641466,90.0
288,-1739.353523532544,0.9889529533641466,90.0
289,-588.3682148533628,0.9889529533641466,90.0
290,146.10818114949367,0.9889529533641466,90.0
291,-1730.6018757223965,0.9889529533641466,90.0
292,-2057.106426713382,0.9889529533641466,90.0
293,-1701.5961647475547,0.9889529533641466,90.0
294,-1906.4409522361175,0.9889529533641466,90.0
295,-2312.153747109114,0.9889529533641466,90.0
296,-2589.2692764767135,0.9889529533641466,90.0
297,-1035.8986961093406,0.9889529533641466,90.0
298,-1098.6778185377946,0.9889529533641466,90.0
299,-2667.889378122337,0.9889529533641466,90.0
300,-778.4991949011139,0.9889529533641466,90.0
301,-1730.6018757223965,0.9889529533641466,90.0
302,-3024.1487075018754,0.9889529533641466,90.0
303,-979.1516945573223,0.9889529533641466,90.0
304,-1696.7254684866962,0.9889529533641466,90.0
305,-3070.2813306293874,0.9889529533641466,90.0
306,-2680.0165492333413,0.9889529533641466,90.0
307,-1956.4692690307038,0.9889529533641466,90.0
308,-2177.273623984895,0.9889529533641466,90.0
309,-1568.6259226696445,0.9889529533641466,90.0
310,-2806.1054636665426,0.9889529533641466,90.0
311,-1755.0317995676733,0.9889529533641466,90.0
312,833.7412395777205,0.9889529533641466,90.0
313,-2015.3094123396486,0.9889529533641466,90.0
314,-2673.823306713544,0.9889529533641466,90.0
315,196.52342745012672,0.9889529533641466,90.0
316,646.6545832777324,0.9889529533641466,90.0
317,6.883165375811728,0.9889529533641466,90.0
318,252.5821721839684,0.9889529533641466,90.0
319,-1639.2172526403474,0.9889529533641466,90.0
320,-2193.681508862907,0.9889529533641466,90.0
321,-1753.0460105756576,0.9889529533641466,90.0
322,648.3803317510755,0.9889529533641466,90.0
323,-1301.0701569493046,0.9889529533641466,90.0
324,-1956.1822683801458,0.9889529533641466,90.0
325,360.70610007760513,0.9889529533641466,90.0
326,-1928.4854120466632,0.9889529533641466,90.0
327,-1962.2133557063578,0.9889529533641466,90.0
328,-1730.6018757223965,0.9889529533641466,90.0
329,-1494.955807372412,0.9889529533641466,90.0
330,-1796.986138844241,0.9889529533641466,90.0
331,-2347.557527064102,0.9889529533641466,90.0
332,-2711.8533689834844,0.9889529533641466,90.0
333,-2005.6316316565192,0.9889529533641466,90.0
334,-1730.9688691858794,0.9889529533641466,90.0
335,-1615.1876420522776,0.9889529533641466,90.0
336,-195.61919934535592,0.9889529533641466,90.0
337,627.837693595838,0.9889529533641466,90.0
338,-3959.6481827360576,0.9889529533641466,90.0
339,-1481.432861675703,0.9889529533641466,90.0
340,716.085915428846,0.9889529533641466,90.0
341,-1802.94415480979,0.9889529533641466,90.0
342,-1960.2378847685604,0.9889529533641466,90.0
343,-1924.8286457481502,0.9889529533641466,90.0
344,-3049.0508890428687,0.9889529533641466,90.0
345,-2615.5635122507892,0.9889529533641466,90.0
346,-2019.3905093967333,0.9889529533641466,90.0
347,-1732.992261072304,0.9889529533641466,90.0
348,-1774.0116129714427,0.9889529533641466,90.0
349,-1736.259486851503,0.9889529533641466,90.0
350,-1746.9215847483558,0.9889529533641466,90.0
351,-392.7932960768306,0.9889529533641466,90.0
352,-1708.6572008960334,0.9889529533641466,90.0
353,-1166.4245008676517,0.9889529533641466,90.0
354,-175.18306132356233,0.9889529533641466,90.0
355,-1835.6312954964255,0.9889529533641466,90.0
356,152.4685083596667,0.9889529533641466,90.0
357,-1730.6018757223965,0.9889529533641466,90.0
358,-2367.4804527000974,0.9889529533641466,90.0
359,-3986.215710011863,0.9889529533641466,90.0
360,-68.73505095419887,0.9889529533641466,90.0
361,-2183.312888780694,0.9889529533641466,90.0
362,-1995.758347304011,0.9889529533641466,90.0
363,-2166.1036636318577,0.9889529533641466,90.0
364,-2682.9347094667023,0.9889529533641466,90.0
365,-3851.514453871786,0.9889529533641466,90.0
366,-1164.953055305617,0.9889529533641466,90.0
367,-1730.6018757223965,0.9889529533641466,90.0
368,-1544.1150754534563,0.9889529533641466,90.0
369,157.78124241723634,0.9889529533641466,90.0
370,-2034.5464209194756,0.9889529533641466,90.0
371,-2001.8081008445256,0.9889529533641466,90.0
372,-1283.455282948375,0.9889529533641466,90.0
373,-181.71423308960232,0.9889529533641466,90.0
374,-2261.902132306505,0.9889529533641466,90.0
375,-1727.6142934655124,0.9889529533641466,90.0
376,-1730.6018757223965,0.9889529533641466,90.0
377,823.151261022736,0.9889529533641466,90.0
378,-1533.749656684631,0.9889529533641466,90.0
379,-1995.3252925259553,0.9889529533641466,90.0
380,-1493.069220677722,0.9889529533641466,90.0
381,-2635.9263248141424,0.9889529533641466,90.0
382,-2874.0745695716005,0.9889529533641466,90.0
383,-1564.3684865650089,0.9889529533641466,90.0
384,-2265.8861434711594,0.9889529533641466,90.0
385,99.45091121279535,0.9889529533641466,90.0
386,-1730.6018757223965,0.9889529533641466,90.0
387,-2575.52363870478,0.9889529533641466,90.0
388,-1738.8662861524513,0.9889529533641466,90.0
389,-3748.8609522338284,0.9889529533641466,90.0
390,-1730.6018757223965,0.9889529533641466,90.0
391,658.5302088706709,0.9889529533641466,90.0
392,370.5407122206517,0.9889529533641466,90.0
393,-2375.760199987719,0.9889529533641466,90.0
394,-1483.9012995292296,0.9889529533641466,90.0
395,-217.36088635807016,0.9889529533641466,90.0
396,237.97962339887417,0.9889529533641466,90.0
397,-3066.40652440527,0.9889529533641466,90.0
398,-2051.072014977622,0.9889529533641466,90.0
399,-1940.4495957273639,0.9889529533641466,90.0
400,-1650.0427154211968,0.9889529533641466,90.0
401,-1898.894607385876,0.9889529533641466,90.0
402,-1730.6018757223965,0.9889529533641466,90.0
403,-1931.021205371427,0.9889529533641466,90.0
404,-2510.66398317482,0.9889529533641466,90.0
405,-1668.6141199052329,0.9889529533641466,90.0
406,89.33453990643457,0.9889529533641466,90.0
407,-1215.6995090069115,0.9889529533641466,90.0
408,-1855.3601646085142,0.9889529533641466,90.0
409,39.435238290650716,0.9889529533641466,90.0
410,-1655.8789923807296,0.9889529533641466,90.0
411,-1739.2133357532034,0.9889529533641466,90.0
412,-97.31232526422303,0.9889529533641466,90.0
413,-2002.0115419604756,0.9889529533641466,90.0
414,-1730.6018757223965,0.9889529533641466,90.0
415,-1997.4980314899606,0.9889529533641466,90.0
416,-2169.798247772924,0.9889529533641466,90.0
417,-1777.5085948468827,0.9889529533641466,90.0
418,-1155.3451798412043,0.9889529533641466,90.0
419,-769.2363136706845,0.9889529533641466,90.0
420,-2971.5248763775617,0.9889529533641466,90.0
421,-1731.398264344442,0.9889529533641466,90.0
422,-1928.9130100326759,0.9889529533641466,90.0
423,-2208.133674019741,0.9889529533641466,90.0
424,-3878.4829675465235,0.9889529533641466,90.0
425,655.6728898557515,0.9889529533641466,90.0
426,-1938.4854120466632,0.9889529533641466,90.0
427,-2010.2978843177666,0.9889529533641466,90.0
428,-1137.7369868329774,0.9889529533641466,90.0
429,-1473.16366753711,0.9889529533641466,90.0
430,-1554.1066731013602,0.9889529533641466,90.0
431,-1330.9771200628675,0.9889529533641466,90.0
432,-1464.5766126365297,0.9889529533641466,90.0
433,-1764.950972225904,0.9889529533641466,90.0
434,842.7528570032284,0.9889529533641466,90.0
435,-1533.749656684631,0.9889529533641466,90.0
436,-2019.3706119252292,0.9889529533641466,90.0
437,317.6735990396324,0.9889529533641466,90.0
438,-1765.9208884655018,0.9889529533641466,90.0
439,-1730.6018757223965,0.9889529533641466,90.0
440,414.1821129776778,0.9889529533641466,90.0
441,80.89091041962863,0.9889529533641466,90.0
442,837.3840518326083,0.9889529533641466,90.0
443,-975.2809133662854,0.9889529533641466,90.0
444,-2258.7148073122303,0.9889529533641466,90.0
445,-1729.587236511499,0.9889529533641466,90.0
446,171.06210030036755,0.9889529533641466,90.0
447,-1472.9122662070856,0.9889529533641466,90.0
448,-4025.0256589393325,0.9889529533641466,90.0
449,-1737.8546997012068,0.9889529533641466,90.0
450,-1747.6303965460706,0.9889529533641466,90.0
451,-2760.473657518022,0.9889529533641466,90.0
452,-2599.505484912272,0.9889529533641466,90.0
453,-1270.009046667749,0.9889529533641466,90.0
454,-1995.5202053751868,0.9889529533641466,90.0
455,-1730.6018757223965,0.9889529533641466,90.0
456,-1858.4789879119623,0.9889529533641466,90.0
457,-1678.4152423386859,0.9889529533641466,90.0
458,-1209.776420633276,0.9889529533641466,90.0
459,-1943.7426112030316,0.9889529533641466,90.0
460,-1731.561463165145,0.9889529533641466,90.0
461,-2694.9829420843867,0.9889529533641466,90.0
462,-1576.8384283894113,0.9889529533641466,90.0
463,-1959.464489937611,0.9889529533641466,90.0
464,-2014.1522494038163,0.9889529533641466,90.0
465,-1730.6018757223965,0.9889529533641466,90.0
466,-1987.4705991990907,0.9889529533641466,90.0
467,-3621.7877799657485,0.9889529533641466,90.0
468,-1734.576097631782,0.9889529533641466,90.0
469,-1944.359042353182,0.9889529533641466,90.0
470,-3429.9392652629454,0.9889529533641466,90.0
471,-3470.52260190919,0.9889529533641466,90.0
472,-1734.590272494038,0.9889529533641466,90.0
473,-2211.856808204916,0.9889529533641466,90.0
474,-819.7466816647901,0.9889529533641466,90.0
475,-638.169840142273,0.9889529533641466,90.0
476,-1730.6018757223965,0.9889529533641466,90.0
477,-1878.053446534017,0.9889529533641466,90.0
478,-2628.5006666657705,0.9889529533641466,90.0
479,-2025.2144261180288,0.9889529533641466,90.0
480,230.79271510895728,0.9889529533641466,90.0
481,-1932.536323639281,0.9889529533641466,90.0
482,-2006.4506744684336,0.9889529533641466,90.0
483,-1732.4293603709746,0.9889529533641466,90.0
484,-1279.6296027067121,0.9889529533641466,90.0
485,-3289.615784291943,0.9889529533641466,90.0
486,-2011.1452455016795,0.9889529533641466,90.0
487,-1730.6018757223965,0.9889529533641466,90.0
488,-1747.2429745012878,0.9889529533641466,90.0
489,-1976.3831944808062,0.9889529533641466,90.0
490,-2035.348120156405,0.9889529533641466,90.0
491,-5.10380410544812,0.9889529533641466,90.0
492,413.38106036587664,0.9889529533641466,90.0
493,-1723.722822335941,0.9889529533641466,90.0
494,-2148.725391035281,0.9889529533641466,90.0
495,-1784.0305958114,0.9889529533641466,90.0
496,-1394.1820456267226,0.9889529533641466,90.0
497,168.3812749572763,0.9889529533641466,90.0
498,-2443.6206183512722,0.9889529533641466,90.0
499,-2458.3103709006164,0.9889529533641466,90.0
500,-2727.2283409714296,0.9889529533641466,90.0
501,-1737.5274519189923,0.9889529533641466,90.0
502,-2804.4509672126715,0.9889529533641466,90.0
503,-2078.6337888360285,0.9889529533641466,90.0
504,-1730.6018757223965,0.9889529533641466,90.0
505,-1263.302019657596,0.9889529533641466,90.0
506,-1731.9843693369332,0.9889529533641466,90.0
507,-1554.0592866086445,0.9889529533641466,90.0
508,818.8337423028403,0.9889529533641466,90.0
509,-1730.6018757223965,0.9889529533641466,90.0
510,-1958.344632287873,0.9889529533641466,90.0
511,-1780.1856212119712,0.9889529533641466,90.0
512,680.7534708810243,0.9889529533641466,90.0
513,-1627.4329072417215,0.9889529533641466,90.0
514,519.1269605424079,0.9889529533641466,90.0
515,-1650.6556006852975,0.9889529533641466,90.0
516,-1730.6018757223965,0.9889529533641466,90.0
517,-2073.966906604166,0.9889529533641466,90.0
518,-2551.2479989506,0.9889529533641466,90.0
519,729.0643653427635,0.9889529533641466,90.0
520,-1566.5625605103287,0.9889529533641466,90.0
521,-1558.3593177412592,0.9889529533641466,90.0
522,-2861.4384304665687,0.9889529533641466,90.0
523,141.95567993914466,0.9889529533641466,90.0
524,-1765.1454726357588,0.9889529533641466,90.0
525,-1404.2185082543467,0.9889529533641466,90.0
526,-2288.1143869577018,0.9889529533641466,90.0
527,246.73650532599544,0.9889529533641466,90.0
528,-1730.6018757223965,0.9889529533641466,90.0
529,-2083.9855515311197,0.9889529533641466,90.0
530,-1928.7182527869386,0.9889529533641466,90.0
531,-1892.9309989299693,0.9889529533641466,90.0
532,403.9462887467903,0.9889529533641466,90.0
533,-99.26620620723374,0.9889529533641466,90.0
534,-1424.3106935944302,0.9889529533641466,90.0
535,-1631.094553058584,0.9889529533641466,90.0
536,-2031.9274115096737,0.9889529533641466,90.0
537,-2779.5864590045344,0.9889529533641466,90.0
538,-1993.9024634536536,0.9889529533641466,90.0
539,-1914.1230455423324,0.9889529533641466,90.0
540,-1802.1243269059419,0.9889529533641466,90.0
541,-2146.9596122045427,0.9889529533641466,90.0
542,-2526.775823640976,0.9889529533641466,90.0
543,-3870.750815495209,0.9889529533641466,90.0
544,216.6834208491779,0.9889529533641466,90.0
545,-1730.3811009557999,0.9889529533641466,90.0
546,-1710.5163402736393,0.9889529533641466,90.0
547,-2115.2958710567123,0.9889529533641466,90.0
548,-2894.123017003437,0.9889529533641466,90.0
549,-3195.417246061884,0.9889529533641466,90.0
550,-1472.6108741602197,0.9889529533641466,90.0
551,-1978.041816155402,0.9889529533641466,90.0
552,-1742.0855514785108,0.9889529533641466,90.0
553,-1739.7073968217803,0.9889529533641466,90.0
554,291.5799548309768,0.9889529533641466,90.0
555,-1736.087192993106,0.9889529533641466,90.0
556,-1953.2214373020347,0.9889529533641466,90.0
557,-3530.7972615896047,0.9889529533641466,90.0
558,-77.3081637908054,0.9889529533641466,90.0
559,-1001.8557174917812,0.9889529533641466,90.0
560,-1892.5386359634017,0.9889529533641466,90.0
561,201.08335269603083,0.9889529533641466,90.0
562,-1157.396312150586,0.9889529533641466,90.0
563,-2410.979268123734,0.9889529533641466,90.0
564,-1730.6018757223965,0.9889529533641466,90.0
565,-830.3902690246905,0.9889529533641466,90.0
566,-448.1395081007531,0.9889529533641466,90.0
567,-2294.0620837742813,0.9889529533641466,90.0
568,-1741.3215444486455,0.9889529533641466,90.0
569,-2496.2211414466096,0.9889529533641466,90.0
570,-2027.2906758272454,0.9889529533641466,90.0
571,-1730.6018757223965,0.9889529533641466,90.0
572,-1751.2422388669759,0.9889529533641466,90.0
573,-1442.1758164052999,0.9889529533641466,90.0
574,-1843.845434302452,0.9889529533641466,90.0
575,-1069.0786627730502,0.9889529533641466,90.0
576,725.3971741078503,0.9889529533641466,90.0
577,-2361.1302638158336,0.9889529533641466,90.0
578,-1730.6018757223965,0.9889529533641466,90.0
579,403.9300939048716,0.9889529533641466,90.0
580,-1645.8502929358938,0.9889529533641466,90.0
581,-1730.6018757223965,0.9889529533641466,90.0
582,-1732.5671389094343,0.9889529533641466,90.0
583,-3657.0127476632383,0.9889529533641466,90.0
584,-1021.5494259632171,0.9889529533641466,90.0
585,-859.1609593801218,0.9889529533641466,90.0
586,-1737.2692668639447,0.9889529533641466,90.0
587,-1741.3971009615161,0.9889529533641466,90.0
588,-1941.0449529657976,0.9889529533641466,90.0
589,-2137.780137414757,0.9889529533641466,90.0
590,-1046.742098074485,0.9889529533641466,90.0
591,-1923.12844942336,0.9889529533641466,90.0
592,-2020.844210624725,0.9889529533641466,90.0
593,-1730.6018757223965,0.9889529533641466,90.0
594,-2146.86689718326,0.9889529533641466,90.0
595,-1474.9343436171412,0.9889529533641466,90.0
596,78.88522660840545,0.9889529533641466,90.0
597,69.1574306578452,0.9889529533641466,90.0
598,-2204.9489136880234,0.9889529533641466,90.0
599,-1730.6018757223965,0.9889529533641466,90.0
600,-2057.106426713382,0.9889529533641466,90.0
601,-2380.63404522221,0.9889529533641466,90.0
602,-587.8363929857042,0.9889529533641466,90.0
603,-1572.768833151601,0.9889529533641466,90.0
604,-2655.352449852184,0.9889529533641466,90.0
605,-1725.6042213298422,0.9889529533641466,90.0
606,-1970.3246871709675,0.9889529533641466,90.0
607,-2061.3940037910265,0.9889529533641466,90.0
608,-1728.5447973351595,0.9889529533641466,90.0
609,-1877.4191578965088,0.9889529533641466,90.0
610,-2475.0912962470275,0.9889529533641466,90.0
611,-1913.9228241594878,0.9889529533641466,90.0
612,-1283.470937545625,0.9889529533641466,90.0
613,-1731.0068074348383,0.9889529533641466,90.0
614,-1792.613502571243,0.9889529533641466,90.0
615,827.4810883749698,0.9889529533641466,90.0
616,-1730.6018757223965,0.9889529533641466,90.0
617,-1523.6995649272346,0.9889529533641466,90.0
618,454.42835647774035,0.9889529533641466,90.0
619,-3448.676806510895,0.9889529533641466,90.0
620,324.66358725104453,0.9889529533641466,90.0
621,153.34114102327896,0.9889529533641466,90.0
622,-678.496132668048,0.9889529533641466,90.0
623,-1465.4102191152372,0.9889529533641466,90.0
624,-1906.0937033499813,0.9889529533641466,90.0
625,-2204.4004953596836,0.9889529533641466,90.0
626,-2506.048547980723,0.9889529533641466,90.0
627,-2700.2861646837177,0.9889529533641466,90.0
628,-2307.094626465752,0.9889529533641466,90.0
629,-1951.1394578756413,0.9889529533641466,90.0
630,-3162.9934909743197,0.9889529533641466,90.0
631,-1986.6560417624569,0.9889529533641466,90.0
632,-1728.0080169695698,0.9889529533641466,90.0
633,-1730.6018757223965,0.9889529533641466,90.0
634,-1574.4747919871065,0.9889529533641466,90.0
635,-329.6255056942166,0.9889529533641466,90.0
636,-2113.454543900013,0.9889529533641466,90.0
637,-1732.8962657448901,0.9889529533641466,90.0
638,-655.58762129853,0.9889529533641466,90.0
639,-2057.9338566469005,0.9889529533641466,90.0
640,-1731.7279648171627,0.9889529533641466,90.0
641,-1753.1426499406462,0.9889529533641466,90.0
642,-2275.8278774890655,0.9889529533641466,90.0
643,-2595.10812907063,0.9889529533641466,90.0
644,-2280.2325555977272,0.9889529533641466,90.0
645,-2059.0891254271005,0.9889529533641466,90.0
646,-1837.7749928574876,0.9889529533641466,90.0
647,-1892.4670098032893,0.9889529533641466,90.0
648,-1977.724677987348,0.9889529533641466,90.0
649,-1938.0212310194186,0.9889529533641466,90.0
650,-1739.5652651372925,0.9889529533641466,90.0
651,-2562.1044402940665,0.9889529533641466,90.0
652,-828.1904691479878,0.9889529533641466,90.0
653,131.9240931923725,0.9889529533641466,90.0
654,-2003.9907441528271,0.9889529533641466,90.0
655,-2776.93000871623,0.9889529533641466,90.0
656,-1907.7231999384312,0.9889529533641466,90.0
657,-1734.590272494038,0.9889529533641466,90.0
658,-1465.3496196632668,0.9889529533641466,90.0
659,-2358.1329887718407,0.9889529533641466,90.0
660,-1919.1004335915381,0.9889529533641466,90.0
661,-1736.5759388344754,0.9889529533641466,90.0
662,-1730.6018757223965,0.9889529533641466,90.0
663,641.8045818354124,0.9889529533641466,90.0
664,-740.1174319146237,0.9889529533641466,90.0
665,-3594.7775769565505,0.9889529533641466,90.0
666,-2998.2893468669618,0.9889529533641466,90.0
667,-2116.377320722574,0.9889529533641466,90.0
668,-1730.6018757223965,0.9889529533641466,90.0
669,-1987.9632514481743,0.9889529533641466,90.0
670,-1881.7910880387271,0.9889529533641466,90.0
671,-908.0221502896877,0.9889529533641466,90.0
672,-1435.264897580627,0.9889529533641466,90.0
673,-3219.0177555106675,0.9889529533641466,90.0
674,-1318.4845886011526,0.9889529533641466,90.0
675,607.9746410001217,0.9889529533641466,90.0
676,-2022.3401871576773,0.9889529533641466,90.0
677,-1758.1287839920096,0.9889529533641466,90.0
678,-2050.4874019539843,0.9889529533641466,90.0
679,-2206.1452973374776,0.9889529533641466,90.0
680,-2065.137217203671,0.9889529533641466,90.0
681,-1952.387230460593,0.9889529533641466,90.0
682,-2165.5798495855415,0.9889529533641466,90.0
683,-1730.6018757223965,0.9889529533641466,90.0
684,-1203.204568602196,0.9889529533641466,90.0
685,-373.320194661139,0.9889529533641466,90.0
686,-497.99754647605744,0.9889529533641466,90.0
687,-1742.3189586663896,0.9889529533641466,90.0
688,-1730.6018757223965,0.9889529533641466,90.0
689,-1615.820167628732,0.9889529533641466,90.0
690,-1733.6884519497444,0.9889529533641466,90.0
691,-1730.6018757223965,0.9889529533641466,90.0
692,-3236.4087752533733,0.9889529533641466,90.0
693,-2233.1641343503265,0.9889529533641466,90.0
694,-2149.969889709802,0.9889529533641466,90.0
695,-1948.1510768205117,0.9889529533641466,90.0
696,-1112.0558970586853,0.9889529533641466,90.0
697,-1730.6018757223965,0.9889529533641466,90.0
698,78.88522660840545,0.9889529533641466,90.0
699,-1758.2371397545253,0.9889529533641466,90.0
700,-219.56207257934537,0.9889529533641466,90.0
701,252.75080163995574,0.9889529533641466,90.0
702,-1710.0171957230616,0.9889529533641466,90.0
703,-2676.56319124508,0.9889529533641466,90.0
704,-2020.844210624725,0.9889529533641466,90.0
705,-1731.4389225188859,0.9889529533641466,90.0
706,-3231.7566040047727,0.9889529533641466,90.0
707,-1988.7868569617588,0.9889529533641466,90.0
708,-2345.5769066003077,0.9889529533641466,90.0
709,-1802.9077840326959,0.9889529533641466,90.0
710,-2633.958360461589,0.9889529533641466,90.0
711,-1730.8936672760278,0.9889529533641466,90.0
712,-2010.279153653592,0.9889529533641466,90.0
713,-1955.0649238193446,0.9889529533641466,90.0
714,-1972.5585669005359,0.9889529533641466,90.0
715,-2435.2910429455,0.9889529533641466,90.0
716,-2017.8302456783454,0.9889529533641466,90.0
717,-2994.4603745380296,0.9889529533641466,90.0
718,-2071.172745353158,0.9889529533641466,90.0
719,-2021.2837691700468,0.9889529533641466,90.0
720,-141.7694900906702,0.9889529533641466,90.0
721,-2930.968663161314,0.9889529533641466,90.0
722,-2375.4209983112205,0.9889529533641466,90.0
723,-748.493372336021,0.9889529533641466,90.0
724,-648.5159991766876,0.9889529533641466,90.0
725,-1653.1163287395034,0.9889529533641466,90.0
726,-1995.5202053751868,0.9889529533641466,90.0
727,-1887.6651948887622,0.9889529533641466,90.0
728,-1910.8721713053142,0.9889529533641466,90.0
729,-1989.5048870580508,0.9889529533641466,90.0
730,-1351.1213391584813,0.9889529533641466,90.0
731,-1987.8379133297258,0.9889529533641466,90.0
732,-1869.4600168249463,0.9889529533641466,90.0
733,-2116.6098553739703,0.9889529533641466,90.0
734,-1914.2233867264258,0.9889529533641466,90.0
735,-3334.2774729024945,0.9889529533641466,90.0
736,-1448.2514298335204,0.9889529533641466,90.0
737,-2045.123922032859,0.9889529533641466,90.0
738,718.1921430520694,0.9889529533641466,90.0
739,-2443.790523189546,0.9889529533641466,90.0
740,-1730.6018757223965,0.9889529533641466,90.0
741,-1730.6018757223965,0.9889529533641466,90.0
742,-1605.4606449197713,0.9889529533641466,90.0
743,-3068.90510665726,0.9889529533641466,90.0
744,-1578.3337405661305,0.9889529533641466,90.0
745,-2023.233156906497,0.9889529533641466,90.0
746,-1871.7710781770238,0.9889529533641466,90.0
747,-2036.4692690307013,0.9889529533641466,90.0
748,-1450.9121994765426,0.9889529533641466,90.0
749,-2160.793547773188,0.9889529533641466,90.0
750,-1545.019787717024,0.9889529533641466,90.0
751,-1837.78188745542,0.9889529533641466,90.0
752,-1730.6018757223965,0.9889529533641466,90.0
753,-1748.7490490675345,0.9889529533641466,90.0
754,333.29976936241064,0.9889529533641466,90.0
755,-1736.3295906878532,0.9889529533641466,90.0
756,-1432.1335988164408,0.9889529533641466,90.0
757,-1934.1267294748513,0.9889529533641466,90.0
758,-2146.861934106155,0.9889529533641466,90.0
759,-1472.6108741602197,0.9889529533641466,90.0
760,-2554.471590935379,0.9889529533641466,90.0
761,508.4920159695764,0.9889529533641466,90.0
762,-1687.995423646714,0.9889529533641466,90.0
763,-1796.5881248132484,0.9889529533641466,90.0
764,-1804.2351076622235,0.9889529533641466,90.0
765,-1610.7156274675383,0.9889529533641466,90.0
766,-1920.634577731464,0.9889529533641466,90.0
767,-38.584224867705046,0.9889529533641466,90.0
768,590.2426041375852,0.9889529533641466,90.0
769,-597.9918191055366,0.9889529533641466,90.0
770,-2129.052866817297,0.9889529533641466,90.0
771,-1730.6018757223965,0.9889529533641466,90.0
772,-1729.8012956751852,0.9889529533641466,90.0
773,-278.4282388692245,0.9889529533641466,90.0
774,-2091.7226352058406,0.9889529533641466,90.0
775,-3819.2571433040484,0.9889529533641466,90.0
776,-2035.3103040468634,0.9889529533641466,90.0
777,-1730.6018757223965,0.9889529533641466,90.0
778,-1736.7001702657187,0.9889529533641466,90.0
779,-1187.9421890202184,0.9889529533641466,90.0
780,-2064.37418267154,0.9889529533641466,90.0
781,-3005.0765994001554,0.9889529533641466,90.0
782,-3366.2485013497662,0.9889529533641466,90.0
783,-445.3100724275612,0.9889529533641466,90.0
784,-1901.9713045148737,0.9889529533641466,90.0
785,-845.5323373930087,0.9889529533641466,90.0
786,-2215.020776905397,0.9889529533641466,90.0
787,131.99420806897155,0.9889529533641466,90.0
788,-1730.6018757223965,0.9889529533641466,90.0
789,-2015.5202053751868,0.9889529533641466,90.0
790,-3647.8640406993263,0.9889529533641466,90.0
791,-968.8477832786556,0.9889529533641466,90.0
792,-2039.9056167645836,0.9889529533641466,90.0
793,-2168.6033776358104,0.9889529533641466,90.0
794,-1757.3119114192434,0.9889529533641466,90.0
795,-3041.916747755499,0.9889529533641466,90.0
796,-1934.424528890398,0.9889529533641466,90.0
797,-2194.323881255036,0.9889529533641466,90.0
798,-3325.671080539356,0.9889529533641466,90.0
799,-651.4305912453593,0.9889529533641466,90.0
800,-1987.1807829644704,0.9889529533641466,90.0
801,-1423.841661192522,0.9889529533641466,90.0
802,-1735.967060023479,0.9889529533641466,90.0
803,-2094.8783850351438,0.9889529533641466,90.0
804,-1208.034189612769,0.9889529533641466,90.0
805,-1821.377479080514,0.9889529533641466,90.0
806,108.67965327281041,0.9889529533641466,90.0
807,-3039.6772555313255,0.9889529533641466,90.0
808,-2119.429933588415,0.9889529533641466,90.0
809,-1730.6018757223965,0.9889529533641466,90.0
810,-2139.0786727578156,0.9889529533641466,90.0
811,-2010.0803308830623,0.9889529533641466,90.0
812,489.24871984128595,0.9889529533641466,90.0
813,-2872.483230198519,0.9889529533641466,90.0
814,-1739.77875315874,0.9889529533641466,90.0
815,-1741.9312536990994,0.9889529533641466,90.0
816,-1730.6018757223965,0.9889529533641466,90.0
817,-67.7037114291598,0.9889529533641466,90.0
818,-1893.9241121522311,0.9889529533641466,90.0
819,-1265.3839018336482,0.9889529533641466,90.0
820,-2377.6310218152976,0.9889529533641466,90.0
821,-2065.2114406605024,0.9889529533641466,90.0
822,-3480.8000801499375,0.9889529533641466,90.0
823,-3465.381750797303,0.9889529533641466,90.0
824,-1643.2315497647212,0.9889529533641466,90.0
825,-1964.2139284746358,0.9889529533641466,90.0
826,-658.4982163089753,0.9889529533641466,90.0
827,-2384.6737134327786,0.9889529533641466,90.0
828,-1739.919304315717,0.9889529533641466,90.0
829,-1739.0500165805279,0.9889529533641466,90.0
830,-1352.655663987704,0.9889529533641466,90.0
831,-1744.6330374724387,0.9889529533641466,90.0
832,-1914.0228579406735,0.9889529533641466,90.0
833,-1974.636469020551,0.9889529533641466,90.0
834,-2130.2198177917635,0.9889529533641466,90.0
835,-2084.242199830723,0.9889529533641466,90.0
836,-1556.4182598655032,0.9889529533641466,90.0
837,-1736.8287541850068,0.9889529533641466,90.0
838,-1983.8929325966913,0.9889529533641466,90.0
839,-1728.0080169695698,0.9889529533641466,90.0
840,-1730.6018757223965,0.9889529533641466,90.0
841,-892.6914079325409,0.9889529533641466,90.0
842,-1758.1287839920096,0.9889529533641466,90.0
843,-1627.2920362428904,0.9889529533641466,90.0
844,-2055.6360055262767,0.9889529533641466,90.0
845,-1270.0366296260645,0.9889529533641466,90.0
846,-1949.0306780760504,0.9889529533641466,90.0
847,-1667.4460396324953,0.9889529533641466,90.0
848,-1730.6018757223965,0.9889529533641466,90.0
849,-3825.1169516178934,0.9889529533641466,90.0
850,244.5323383758782,0.9889529533641466,90.0
851,-1730.6018757223965,0.9889529533641466,90.0
852,-1729.5530893805633,0.9889529533641466,90.0
853,-1985.4478747689684,0.9889529533641466,90.0
854,-1902.880013632918,0.9889529533641466,90.0
855,-1992.2545212536772,0.9889529533641466,90.0
856,-1011.3220110872669,0.9889529533641466,90.0
857,-1732.0716061151802,0.9889529533641466,90.0
858,-2077.202810107432,0.9889529533641466,90.0
859,-2105.6827912832787,0.9889529533641466,90.0
860,-1778.8964523050622,0.9889529533641466,90.0
861,-3146.8835541021144,0.9889529533641466,90.0
862,-2384.4008612197485,0.9889529533641466,90.0
863,-1915.54331443661,0.9889529533641466,90.0
864,-1730.6018757223965,0.9889529533641466,90.0
865,-1990.3720767266607,0.9889529533641466,90.0
866,-1464.557238000193,0.9889529533641466,90.0
867,-1463.838384373522,0.9889529533641466,90.0
868,742.8054807339639,0.9889529533641466,90.0
869,838.3360795239305,0.9889529533641466,90.0
870,-3108.5859024961137,0.9889529533641466,90.0
871,-1627.2920362428904,0.9889529533641466,90.0
872,-1956.1822683801458,0.9889529533641466,90.0
873,-3262.879392502419,0.9889529533641466,90.0
874,472.1442794252969,0.9889529533641466,90.0
875,-4010.2056915340263,0.9889529533641466,90.0
876,-1738.456308002579,0.9889529533641466,90.0
877,-2648.526832652061,0.9889529533641466,90.0
878,-1734.426666807176,0.9889529533641466,90.0
879,-1751.3811228561428,0.9889529533641466,90.0
880,-1752.52536045463,0.9889529533641466,90.0
881,-1734.4809905934355,0.9889529533641466,90.0
882,-3220.3402952855286,0.9889529533641466,90.0
883,-2594.0663763894286,0.9889529533641466,90.0
884,-1735.0358285648717,0.9889529533641466,90.0
885,-3094.1285871420782,0.9889529533641466,90.0
886,-1928.7051052399634,0.9889529533641466,90.0
887,-872.6483112570154,0.9889529533641466,90.0
888,-1238.0098155761768,0.9889529533641466,90.0
889,-1977.9359584784893,0.9889529533641466,90.0
890,499.77416653161526,0.9889529533641466,90.0
891,-1778.8594127523004,0.9889529533641466,90.0
892,-1889.9078724013305,0.9889529533641466,90.0
893,-2959.027354771807,0.9889529533641466,90.0
894,-1931.5781560887258,0.9889529533641466,90.0
895,-1241.906314866395,0.9889529533641466,90.0
896,-1767.4798766735755,0.9889529533641466,90.0
897,-1432.0498686920985,0.9889529533641466,90.0
898,-1730.6018757223965,0.9889529533641466,90.0
899,-1894.7739634926652,0.9889529533641466,90.0
900,-1730.6018757223965,0.9889529533641466,90.0
901,-1290.3758890113988,0.9889529533641466,90.0
902,-1730.6018757223965,0.9889529533641466,90.0
903,-1005.966770956386,0.9889529533641466,90.0
904,-3933.500149718006,0.9889529533641466,90.0
905,-1735.092467961849,0.9889529533641466,90.0
906,-1841.561432194685,0.9889529533641466,90.0
907,-1196.149343025129,0.9889529533641466,90.0
908,-1795.9265069393382,0.9889529533641466,90.0
909,-1730.6018757223965,0.9889529533641466,90.0
910,-1635.5870672667572,0.9889529533641466,90.0
911,-1742.126329289314,0.9889529533641466,90.0
912,594.830066912593,0.9889529533641466,90.0
913,-2065.9976940959323,0.9889529533641466,90.0
914,-1739.2133357532034,0.9889529533641466,90.0
915,-1374.7444903405797,0.9889529533641466,90.0
916,-218.20744878319672,0.9889529533641466,90.0
917,-3218.5268330796057,0.9889529533641466,90.0
918,-297.9818784208817,0.9889529533641466,90.0
919,-1730.6018757223965,0.9889529533641466,90.0
920,-1916.439762398372,0.9889529533641466,90.0
921,-1734.2114906954419,0.9889529533641466,90.0
922,-1667.927662092696,0.9889529533641466,90.0
923,-1979.0739287411589,0.9889529533641466,90.0
924,-1956.1822683801458,0.9889529533641466,90.0
925,307.46941571494574,0.9889529533641466,90.0
926,-242.21262199130288,0.9889529533641466,90.0
927,-3887.39184197123,0.9889529533641466,90.0
928,-3537.2573362603002,0.9889529533641466,90.0
929,-578.5657478561155,0.9889529533641466,90.0
930,-1706.975126138176,0.9889529533641466,90.0
931,-3340.338238336438,0.9889529533641466,90.0
932,-2028.0135867057083,0.9889529533641466,90.0
933,-1733.2854496101068,0.9889529533641466,90.0
934,-446.6546686268163,0.9889529533641466,90.0
935,90.77617350035672,0.9889529533641466,90.0
936,-3873.1650461850672,0.9889529533641466,90.0
937,-1949.2979283450013,0.9889529533641466,90.0
938,-1730.6018757223965,0.9889529533641466,90.0
939,-20.609942659869148,0.9889529533641466,90.0
940,-3588.9133030488006,0.9889529533641466,90.0
941,-2169.242057129462,0.9889529533641466,90.0
942,-1676.8191636239412,0.9889529533641466,90.0
943,-267.6486699651877,0.9889529533641466,90.0
944,-2180.6537118186716,0.9889529533641466,90.0
945,-1610.0173495992622,0.9889529533641466,90.0
946,407.36397181035966,0.9889529533641466,90.0
947,-848.8834388480474,0.9889529533641466,90.0
948,-1434.4612418931117,0.9889529533641466,90.0
949,-1917.599152278345,0.9889529533641466,90.0
950,-1734.8113680398324,0.9889529533641466,90.0
951,-1730.6018757223965,0.9889529533641466,90.0
952,-1735.729270105468,0.9889529533641466,90.0
953,-1964.0350883789874,0.9889529533641466,90.0
954,-2693.44238884339,0.9889529533641466,90.0
955,-1730.6018757223965,0.9889529533641466,90.0
956,-2092.8681683675018,0.9889529533641466,90.0
957,-1250.129195962124,0.9889529533641466,90.0
958,-1440.8056382757545,0.9889529533641466,90.0
959,-1394.3609083644558,0.9889529533641466,90.0
960,-1263.3626082797916,0.9889529533641466,90.0
961,-2500.497273287353,0.9889529533641466,90.0
962,-1964.2139284746358,0.9889529533641466,90.0
963,252.25724798389498,0.9889529533641466,90.0
964,-474.82211929248257,0.9889529533641466,90.0
965,-1731.3985213632377,0.9889529533641466,90.0
966,-3584.5037917266195,0.9889529533641466,90.0
967,-1895.888350124137,0.9889529533641466,90.0
968,-1721.5538300743956,0.9889529533641466,90.0
969,-1657.6142934655102,0.9889529533641466,90.0
970,-3836.6447820439853,0.9889529533641466,90.0
971,-1983.6593486128822,0.9889529533641466,90.0
972,-2130.6784737940666,0.9889529533641466,90.0
973,357.50974617482865,0.9889529533641466,90.0
974,-1263.3473714788108,0.9889529533641466,90.0
975,-1847.405680592305,0.9889529533641466,90.0
976,-1737.3180769228468,0.9889529533641466,90.0
977,-3584.600518667267,0.9889529533641466,90.0
978,-2260.0635803788987,0.9889529533641466,90.0
979,-2529.458366605586,0.9889529533641466,90.0
980,782.4446476329829,0.9889529533641466,90.0
981,-1727.6793838602073,0.9889529533641466,90.0
982,-1903.5242320046193,0.9889529533641466,90.0
983,-1755.5205496677704,0.9889529533641466,90.0
984,-2121.515060873803,0.9889529533641466,90.0
985,-1730.6018757223965,0.9889529533641466,90.0
986,-1690.2147212366542,0.9889529533641466,90.0
987,632.2297085515719,0.9889529533641466,90.0
988,-1803.3031087141692,0.9889529533641466,90.0
989,-1656.8699935882896,0.9889529533641466,90.0
990,-1966.989786762665,0.9889529533641466,90.0
991,-2403.3887584820286,0.9889529533641466,90.0
992,524.7869305362907,0.9889529533641466,90.0
993,-1623.6029036731234,0.9889529533641466,90.0
994,-2486.3149436583617,0.9889529533641466,90.0
995,-1789.6853646256488,0.9889529533641466,90.0
996,-1077.1502319530869,0.9889529533641466,90.0
997,529.5784636168896,0.9889529533641466,90.0
998,-1504.1066731013543,0.9889529533641466,90.0
999,-1983.9172414630714,0.9889529533641466,90.0
